config,name,component,value,unit,artifact_id
plain-de,gazetteer_legacy_matches,legacy,1.0,count,warmup
plain-de,gazetteer_legacy_processing_ms,legacy,16.0,milliseconds,warmup
plain-de,process.cpu.utilization,legacy,0.0,percent,warmup
plain-de,process.cpu.time.user,legacy,0.94,seconds,warmup
plain-de,process.cpu.time.system,legacy,0.17,seconds,warmup
plain-de,process.context_switches.voluntary,legacy,0.0,count,warmup
plain-de,process.context_switches.involuntary,legacy,13.0,count,warmup
plain-de,system.cpu.utilization,legacy,17.9,percent,warmup
plain-de,system.load_average.1m,legacy,1.6435546875,load,warmup
plain-de,system.load_average.5m,legacy,2.4482421875,load,warmup
plain-de,system.load_average.15m,legacy,2.2744140625,load,warmup
plain-de,process.memory.rss,legacy,87437312.0,bytes,warmup
plain-de,process.memory.vms,legacy,96374784.0,bytes,warmup
plain-de,process.memory.uss,legacy,76324864.0,bytes,warmup
plain-de,system.memory.used,legacy,8905629696.0,bytes,warmup
plain-de,system.memory.available,legacy,41609584640.0,bytes,warmup
plain-de,system.memory.utilization,legacy,17.6,percent,warmup
plain-de,system.swap.used,legacy,0.0,bytes,warmup
plain-de,system.swap.utilization,legacy,0.0,percent,warmup
plain-de,process.cpu.utilization,legacy,53.3,percent,warmup
plain-de,process.cpu.time.user,legacy,0.95,seconds,warmup
plain-de,process.cpu.time.system,legacy,0.17,seconds,warmup
plain-de,process.context_switches.voluntary,legacy,2.0,count,warmup
plain-de,process.context_switches.involuntary,legacy,13.0,count,warmup
plain-de,system.cpu.utilization,legacy,14.3,percent,warmup
plain-de,system.load_average.1m,legacy,1.6435546875,load,warmup
plain-de,system.load_average.5m,legacy,2.4482421875,load,warmup
plain-de,system.load_average.15m,legacy,2.2744140625,load,warmup
plain-de,process.memory.rss,legacy,89481216.0,bytes,warmup
plain-de,process.memory.vms,legacy,97460224.0,bytes,warmup
plain-de,process.memory.uss,legacy,77828096.0,bytes,warmup
plain-de,system.memory.used,legacy,8905629696.0,bytes,warmup
plain-de,system.memory.available,legacy,41609584640.0,bytes,warmup
plain-de,system.memory.utilization,legacy,17.6,percent,warmup
plain-de,system.swap.used,legacy,0.0,bytes,warmup
plain-de,system.swap.utilization,legacy,0.0,percent,warmup
plain-de,duui.request.duration,legacy,21.068517999992764,milliseconds,warmup
plain-de,duui.request.duration.histogram,legacy,,milliseconds,warmup
plain-de,duui.request.throughput,legacy,1000.0,requests_per_second,warmup
plain-de,duui.request.count,legacy,1.0,count,warmup
plain-de,duui.request.duration,legacy,21.068517999992764,milliseconds,warmup
plain-de,duui.request.duration.histogram,legacy,,milliseconds,warmup
plain-de,duui.request.throughput,legacy,1000.0,requests_per_second,warmup
plain-de,duui.request.count,legacy,1.0,count,warmup
plain-de,duui.request.duration,legacy,21.068517999992764,milliseconds,warmup
plain-de,duui.request.duration.histogram,legacy,,milliseconds,warmup
plain-de,duui.request.throughput,legacy,1000.0,requests_per_second,warmup
plain-de,duui.request.count,legacy,1.0,count,warmup
plain-de,gazetteer_matches,modern,1.0,count,warmup
plain-de,gazetteer_processing_ms,modern,2.0,milliseconds,warmup
plain-de,process.cpu.utilization,modern,0.0,percent,warmup
plain-de,process.cpu.time.user,modern,0.96,seconds,warmup
plain-de,process.cpu.time.system,modern,0.17,seconds,warmup
plain-de,process.context_switches.voluntary,modern,2.0,count,warmup
plain-de,process.context_switches.involuntary,modern,13.0,count,warmup
plain-de,system.cpu.utilization,modern,40.0,percent,warmup
plain-de,system.load_average.1m,modern,1.6435546875,load,warmup
plain-de,system.load_average.5m,modern,2.4482421875,load,warmup
plain-de,system.load_average.15m,modern,2.2744140625,load,warmup
plain-de,process.memory.rss,modern,89673728.0,bytes,warmup
plain-de,process.memory.vms,modern,97460224.0,bytes,warmup
plain-de,process.memory.uss,modern,78016512.0,bytes,warmup
plain-de,system.memory.used,modern,8905629696.0,bytes,warmup
plain-de,system.memory.available,modern,41609584640.0,bytes,warmup
plain-de,system.memory.utilization,modern,17.6,percent,warmup
plain-de,system.swap.used,modern,0.0,bytes,warmup
plain-de,system.swap.utilization,modern,0.0,percent,warmup
plain-de,process.cpu.utilization,modern,0.0,percent,warmup
plain-de,process.cpu.time.user,modern,0.96,seconds,warmup
plain-de,process.cpu.time.system,modern,0.17,seconds,warmup
plain-de,process.context_switches.voluntary,modern,4.0,count,warmup
plain-de,process.context_switches.involuntary,modern,13.0,count,warmup
plain-de,system.cpu.utilization,modern,20.0,percent,warmup
plain-de,system.load_average.1m,modern,1.6435546875,load,warmup
plain-de,system.load_average.5m,modern,2.4482421875,load,warmup
plain-de,system.load_average.15m,modern,2.2744140625,load,warmup
plain-de,process.memory.rss,modern,89718784.0,bytes,warmup
plain-de,process.memory.vms,modern,97460224.0,bytes,warmup
plain-de,process.memory.uss,modern,78061568.0,bytes,warmup
plain-de,system.memory.used,modern,8905629696.0,bytes,warmup
plain-de,system.memory.available,modern,41609584640.0,bytes,warmup
plain-de,system.memory.utilization,modern,17.6,percent,warmup
plain-de,system.swap.used,modern,0.0,bytes,warmup
plain-de,system.swap.utilization,modern,0.0,percent,warmup
plain-de,duui.request.duration,modern,6.340124999951513,milliseconds,warmup
plain-de,duui.request.duration.histogram,modern,,milliseconds,warmup
plain-de,duui.request.throughput,modern,181.40721202961345,requests_per_second,warmup
plain-de,duui.request.count,modern,2.0,count,warmup
plain-de,duui.request.duration,modern,6.340124999951513,milliseconds,warmup
plain-de,duui.request.duration.histogram,modern,,milliseconds,warmup
plain-de,duui.request.throughput,modern,1000.0,requests_per_second,warmup
plain-de,duui.request.count,modern,1.0,count,warmup
plain-de,duui.request.duration,modern,6.340124999951513,milliseconds,warmup
plain-de,duui.request.duration.histogram,modern,,milliseconds,warmup
plain-de,duui.request.throughput,modern,1000.0,requests_per_second,warmup
plain-de,duui.request.count,modern,1.0,count,warmup
plain-de,gazetteer_legacy_matches,legacy,1.0,count,3713534-chunk-1
plain-de,gazetteer_legacy_processing_ms,legacy,3.0,milliseconds,3713534-chunk-1
plain-de,process.cpu.utilization,legacy,0.0,percent,3713534-chunk-1
plain-de,process.cpu.time.user,legacy,0.96,seconds,3713534-chunk-1
plain-de,process.cpu.time.system,legacy,0.18,seconds,3713534-chunk-1
plain-de,process.context_switches.voluntary,legacy,4.0,count,3713534-chunk-1
plain-de,process.context_switches.involuntary,legacy,13.0,count,3713534-chunk-1
plain-de,system.cpu.utilization,legacy,28.6,percent,3713534-chunk-1
plain-de,system.load_average.1m,legacy,1.6435546875,load,3713534-chunk-1
plain-de,system.load_average.5m,legacy,2.4482421875,load,3713534-chunk-1
plain-de,system.load_average.15m,legacy,2.2744140625,load,3713534-chunk-1
plain-de,process.memory.rss,legacy,89894912.0,bytes,3713534-chunk-1
plain-de,process.memory.vms,legacy,98508800.0,bytes,3713534-chunk-1
plain-de,process.memory.uss,legacy,78237696.0,bytes,3713534-chunk-1
plain-de,system.memory.used,legacy,8905629696.0,bytes,3713534-chunk-1
plain-de,system.memory.available,legacy,41609584640.0,bytes,3713534-chunk-1
plain-de,system.memory.utilization,legacy,17.6,percent,3713534-chunk-1
plain-de,system.swap.used,legacy,0.0,bytes,3713534-chunk-1
plain-de,system.swap.utilization,legacy,0.0,percent,3713534-chunk-1
plain-de,process.cpu.utilization,legacy,0.0,percent,3713534-chunk-1
plain-de,process.cpu.time.user,legacy,0.96,seconds,3713534-chunk-1
plain-de,process.cpu.time.system,legacy,0.18,seconds,3713534-chunk-1
plain-de,process.context_switches.voluntary,legacy,6.0,count,3713534-chunk-1
plain-de,process.context_switches.involuntary,legacy,13.0,count,3713534-chunk-1
plain-de,system.cpu.utilization,legacy,16.7,percent,3713534-chunk-1
plain-de,system.load_average.1m,legacy,1.6435546875,load,3713534-chunk-1
plain-de,system.load_average.5m,legacy,2.4482421875,load,3713534-chunk-1
plain-de,system.load_average.15m,legacy,2.2744140625,load,3713534-chunk-1
plain-de,process.memory.rss,legacy,89915392.0,bytes,3713534-chunk-1
plain-de,process.memory.vms,legacy,98508800.0,bytes,3713534-chunk-1
plain-de,process.memory.uss,legacy,78258176.0,bytes,3713534-chunk-1
plain-de,system.memory.used,legacy,8905629696.0,bytes,3713534-chunk-1
plain-de,system.memory.available,legacy,41609584640.0,bytes,3713534-chunk-1
plain-de,system.memory.utilization,legacy,17.6,percent,3713534-chunk-1
plain-de,system.swap.used,legacy,0.0,bytes,3713534-chunk-1
plain-de,system.swap.utilization,legacy,0.0,percent,3713534-chunk-1
plain-de,duui.request.duration,legacy,7.09497099978762,milliseconds,3713534-chunk-1
plain-de,duui.request.duration.histogram,legacy,,milliseconds,3713534-chunk-1
plain-de,duui.request.throughput,legacy,132.44978144578255,requests_per_second,3713534-chunk-1
plain-de,duui.request.count,legacy,3.0,count,3713534-chunk-1
plain-de,duui.request.duration,legacy,7.09497099978762,milliseconds,3713534-chunk-1
plain-de,duui.request.duration.histogram,legacy,,milliseconds,3713534-chunk-1
plain-de,duui.request.throughput,legacy,87.00013149998067,requests_per_second,3713534-chunk-1
plain-de,duui.request.count,legacy,2.0,count,3713534-chunk-1
plain-de,duui.request.duration,legacy,7.09497099978762,milliseconds,3713534-chunk-1
plain-de,duui.request.duration.histogram,legacy,,milliseconds,3713534-chunk-1
plain-de,duui.request.throughput,legacy,1000.0,requests_per_second,3713534-chunk-1
plain-de,duui.request.count,legacy,1.0,count,3713534-chunk-1
plain-de,gazetteer_matches,modern,1.0,count,3713534-chunk-1
plain-de,gazetteer_processing_ms,modern,2.0,milliseconds,3713534-chunk-1
plain-de,process.cpu.utilization,modern,0.0,percent,3713534-chunk-1
plain-de,process.cpu.time.user,modern,0.96,seconds,3713534-chunk-1
plain-de,process.cpu.time.system,modern,0.19,seconds,3713534-chunk-1
plain-de,process.context_switches.voluntary,modern,6.0,count,3713534-chunk-1
plain-de,process.context_switches.involuntary,modern,13.0,count,3713534-chunk-1
plain-de,system.cpu.utilization,modern,37.5,percent,3713534-chunk-1
plain-de,system.load_average.1m,modern,1.6435546875,load,3713534-chunk-1
plain-de,system.load_average.5m,modern,2.4482421875,load,3713534-chunk-1
plain-de,system.load_average.15m,modern,2.2744140625,load,3713534-chunk-1
plain-de,process.memory.rss,modern,90066944.0,bytes,3713534-chunk-1
plain-de,process.memory.vms,modern,98508800.0,bytes,3713534-chunk-1
plain-de,process.memory.uss,modern,78409728.0,bytes,3713534-chunk-1
plain-de,system.memory.used,modern,8906661888.0,bytes,3713534-chunk-1
plain-de,system.memory.available,modern,41608552448.0,bytes,3713534-chunk-1
plain-de,system.memory.utilization,modern,17.6,percent,3713534-chunk-1
plain-de,system.swap.used,modern,0.0,bytes,3713534-chunk-1
plain-de,system.swap.utilization,modern,0.0,percent,3713534-chunk-1
plain-de,process.cpu.utilization,modern,0.0,percent,3713534-chunk-1
plain-de,process.cpu.time.user,modern,0.96,seconds,3713534-chunk-1
plain-de,process.cpu.time.system,modern,0.19,seconds,3713534-chunk-1
plain-de,process.context_switches.voluntary,modern,8.0,count,3713534-chunk-1
plain-de,process.context_switches.involuntary,modern,13.0,count,3713534-chunk-1
plain-de,system.cpu.utilization,modern,0.0,percent,3713534-chunk-1
plain-de,system.load_average.1m,modern,1.6435546875,load,3713534-chunk-1
plain-de,system.load_average.5m,modern,2.4482421875,load,3713534-chunk-1
plain-de,system.load_average.15m,modern,2.2744140625,load,3713534-chunk-1
plain-de,process.memory.rss,modern,90091520.0,bytes,3713534-chunk-1
plain-de,process.memory.vms,modern,98508800.0,bytes,3713534-chunk-1
plain-de,process.memory.uss,modern,78434304.0,bytes,3713534-chunk-1
plain-de,system.memory.used,modern,8906661888.0,bytes,3713534-chunk-1
plain-de,system.memory.available,modern,41608552448.0,bytes,3713534-chunk-1
plain-de,system.memory.utilization,modern,17.6,percent,3713534-chunk-1
plain-de,system.swap.used,modern,0.0,bytes,3713534-chunk-1
plain-de,system.swap.utilization,modern,0.0,percent,3713534-chunk-1
plain-de,duui.request.duration,modern,6.286258000272937,milliseconds,3713534-chunk-1
plain-de,duui.request.duration.histogram,modern,,milliseconds,3713534-chunk-1
plain-de,duui.request.throughput,modern,118.85175418693063,requests_per_second,3713534-chunk-1
plain-de,duui.request.count,modern,4.0,count,3713534-chunk-1
plain-de,duui.request.duration,modern,6.286258000272937,milliseconds,3713534-chunk-1
plain-de,duui.request.duration.histogram,modern,,milliseconds,3713534-chunk-1
plain-de,duui.request.throughput,modern,87.25224996253341,requests_per_second,3713534-chunk-1
plain-de,duui.request.count,modern,2.0,count,3713534-chunk-1
plain-de,duui.request.duration,modern,6.286258000272937,milliseconds,3713534-chunk-1
plain-de,duui.request.duration.histogram,modern,,milliseconds,3713534-chunk-1
plain-de,duui.request.throughput,modern,1000.0,requests_per_second,3713534-chunk-1
plain-de,duui.request.count,modern,1.0,count,3713534-chunk-1
plain-de,gazetteer_legacy_matches,legacy,0.0,count,3713534-chunk-2
plain-de,gazetteer_legacy_processing_ms,legacy,2.0,milliseconds,3713534-chunk-2
plain-de,process.cpu.utilization,legacy,0.0,percent,3713534-chunk-2
plain-de,process.cpu.time.user,legacy,0.97,seconds,3713534-chunk-2
plain-de,process.cpu.time.system,legacy,0.19,seconds,3713534-chunk-2
plain-de,process.context_switches.voluntary,legacy,8.0,count,3713534-chunk-2
plain-de,process.context_switches.involuntary,legacy,13.0,count,3713534-chunk-2
plain-de,system.cpu.utilization,legacy,16.7,percent,3713534-chunk-2
plain-de,system.load_average.1m,legacy,1.6435546875,load,3713534-chunk-2
plain-de,system.load_average.5m,legacy,2.4482421875,load,3713534-chunk-2
plain-de,system.load_average.15m,legacy,2.2744140625,load,3713534-chunk-2
plain-de,process.memory.rss,legacy,90259456.0,bytes,3713534-chunk-2
plain-de,process.memory.vms,legacy,98508800.0,bytes,3713534-chunk-2
plain-de,process.memory.uss,legacy,78602240.0,bytes,3713534-chunk-2
plain-de,system.memory.used,legacy,8906661888.0,bytes,3713534-chunk-2
plain-de,system.memory.available,legacy,41608552448.0,bytes,3713534-chunk-2
plain-de,system.memory.utilization,legacy,17.6,percent,3713534-chunk-2
plain-de,system.swap.used,legacy,0.0,bytes,3713534-chunk-2
plain-de,system.swap.utilization,legacy,0.0,percent,3713534-chunk-2
plain-de,process.cpu.utilization,legacy,0.0,percent,3713534-chunk-2
plain-de,process.cpu.time.user,legacy,0.97,seconds,3713534-chunk-2
plain-de,process.cpu.time.system,legacy,0.19,seconds,3713534-chunk-2
plain-de,process.context_switches.voluntary,legacy,10.0,count,3713534-chunk-2
plain-de,process.context_switches.involuntary,legacy,13.0,count,3713534-chunk-2
plain-de,system.cpu.utilization,legacy,25.0,percent,3713534-chunk-2
plain-de,system.load_average.1m,legacy,1.6435546875,load,3713534-chunk-2
plain-de,system.load_average.5m,legacy,2.4482421875,load,3713534-chunk-2
plain-de,system.load_average.15m,legacy,2.2744140625,load,3713534-chunk-2
plain-de,process.memory.rss,legacy,90279936.0,bytes,3713534-chunk-2
plain-de,process.memory.vms,legacy,98508800.0,bytes,3713534-chunk-2
plain-de,process.memory.uss,legacy,78622720.0,bytes,3713534-chunk-2
plain-de,system.memory.used,legacy,8906661888.0,bytes,3713534-chunk-2
plain-de,system.memory.available,legacy,41608552448.0,bytes,3713534-chunk-2
plain-de,system.memory.utilization,legacy,17.6,percent,3713534-chunk-2
plain-de,system.swap.used,legacy,0.0,bytes,3713534-chunk-2
plain-de,system.swap.utilization,legacy,0.0,percent,3713534-chunk-2
plain-de,duui.request.duration,legacy,5.189516999962507,milliseconds,3713534-chunk-2
plain-de,duui.request.duration.histogram,legacy,,milliseconds,3713534-chunk-2
plain-de,duui.request.throughput,legacy,115.63862808456466,requests_per_second,3713534-chunk-2
plain-de,duui.request.count,legacy,5.0,count,3713534-chunk-2
plain-de,duui.request.duration,legacy,5.189516999962507,milliseconds,3713534-chunk-2
plain-de,duui.request.duration.histogram,legacy,,milliseconds,3713534-chunk-2
plain-de,duui.request.throughput,legacy,68.80911333580586,requests_per_second,3713534-chunk-2
plain-de,duui.request.count,legacy,3.0,count,3713534-chunk-2
plain-de,duui.request.duration,legacy,5.189516999962507,milliseconds,3713534-chunk-2
plain-de,duui.request.duration.histogram,legacy,,milliseconds,3713534-chunk-2
plain-de,duui.request.throughput,legacy,1000.0,requests_per_second,3713534-chunk-2
plain-de,duui.request.count,legacy,1.0,count,3713534-chunk-2
plain-de,gazetteer_matches,modern,0.0,count,3713534-chunk-2
plain-de,gazetteer_processing_ms,modern,2.0,milliseconds,3713534-chunk-2
plain-de,process.cpu.utilization,modern,0.0,percent,3713534-chunk-2
plain-de,process.cpu.time.user,modern,0.97,seconds,3713534-chunk-2
plain-de,process.cpu.time.system,modern,0.2,seconds,3713534-chunk-2
plain-de,process.context_switches.voluntary,modern,10.0,count,3713534-chunk-2
plain-de,process.context_switches.involuntary,modern,13.0,count,3713534-chunk-2
plain-de,system.cpu.utilization,modern,44.4,percent,3713534-chunk-2
plain-de,system.load_average.1m,modern,1.6435546875,load,3713534-chunk-2
plain-de,system.load_average.5m,modern,2.4482421875,load,3713534-chunk-2
plain-de,system.load_average.15m,modern,2.2744140625,load,3713534-chunk-2
plain-de,process.memory.rss,modern,90431488.0,bytes,3713534-chunk-2
plain-de,process.memory.vms,modern,98508800.0,bytes,3713534-chunk-2
plain-de,process.memory.uss,modern,78774272.0,bytes,3713534-chunk-2
plain-de,system.memory.used,modern,8906661888.0,bytes,3713534-chunk-2
plain-de,system.memory.available,modern,41608552448.0,bytes,3713534-chunk-2
plain-de,system.memory.utilization,modern,17.6,percent,3713534-chunk-2
plain-de,system.swap.used,modern,0.0,bytes,3713534-chunk-2
plain-de,system.swap.utilization,modern,0.0,percent,3713534-chunk-2
plain-de,process.cpu.utilization,modern,0.0,percent,3713534-chunk-2
plain-de,process.cpu.time.user,modern,0.97,seconds,3713534-chunk-2
plain-de,process.cpu.time.system,modern,0.2,seconds,3713534-chunk-2
plain-de,process.context_switches.voluntary,modern,12.0,count,3713534-chunk-2
plain-de,process.context_switches.involuntary,modern,13.0,count,3713534-chunk-2
plain-de,system.cpu.utilization,modern,25.0,percent,3713534-chunk-2
plain-de,system.load_average.1m,modern,1.6435546875,load,3713534-chunk-2
plain-de,system.load_average.5m,modern,2.4482421875,load,3713534-chunk-2
plain-de,system.load_average.15m,modern,2.2744140625,load,3713534-chunk-2
plain-de,process.memory.rss,modern,90451968.0,bytes,3713534-chunk-2
plain-de,process.memory.vms,modern,98508800.0,bytes,3713534-chunk-2
plain-de,process.memory.uss,modern,78794752.0,bytes,3713534-chunk-2
plain-de,system.memory.used,modern,8908210176.0,bytes,3713534-chunk-2
plain-de,system.memory.available,modern,41607004160.0,bytes,3713534-chunk-2
plain-de,system.memory.utilization,modern,17.6,percent,3713534-chunk-2
plain-de,system.swap.used,modern,0.0,bytes,3713534-chunk-2
plain-de,system.swap.utilization,modern,0.0,percent,3713534-chunk-2
plain-de,duui.request.duration,modern,6.02212400008284,milliseconds,3713534-chunk-2
plain-de,duui.request.duration.histogram,modern,,milliseconds,3713534-chunk-2
plain-de,duui.request.throughput,modern,112.17513799601875,requests_per_second,3713534-chunk-2
plain-de,duui.request.count,modern,6.0,count,3713534-chunk-2
plain-de,duui.request.duration,modern,6.02212400008284,milliseconds,3713534-chunk-2
plain-de,duui.request.duration.histogram,modern,,milliseconds,3713534-chunk-2
plain-de,duui.request.throughput,modern,69.92974065707509,requests_per_second,3713534-chunk-2
plain-de,duui.request.count,modern,3.0,count,3713534-chunk-2
plain-de,duui.request.duration,modern,6.02212400008284,milliseconds,3713534-chunk-2
plain-de,duui.request.duration.histogram,modern,,milliseconds,3713534-chunk-2
plain-de,duui.request.throughput,modern,1000.0,requests_per_second,3713534-chunk-2
plain-de,duui.request.count,modern,1.0,count,3713534-chunk-2
plain-de,gazetteer_legacy_matches,legacy,0.0,count,3718079-chunk-1
plain-de,gazetteer_legacy_processing_ms,legacy,2.0,milliseconds,3718079-chunk-1
plain-de,process.cpu.utilization,legacy,0.0,percent,3718079-chunk-1
plain-de,process.cpu.time.user,legacy,0.98,seconds,3718079-chunk-1
plain-de,process.cpu.time.system,legacy,0.2,seconds,3718079-chunk-1
plain-de,process.context_switches.voluntary,legacy,12.0,count,3718079-chunk-1
plain-de,process.context_switches.involuntary,legacy,14.0,count,3718079-chunk-1
plain-de,system.cpu.utilization,legacy,50.0,percent,3718079-chunk-1
plain-de,system.load_average.1m,legacy,1.6435546875,load,3718079-chunk-1
plain-de,system.load_average.5m,legacy,2.4482421875,load,3718079-chunk-1
plain-de,system.load_average.15m,legacy,2.2744140625,load,3718079-chunk-1
plain-de,process.memory.rss,legacy,90619904.0,bytes,3718079-chunk-1
plain-de,process.memory.vms,legacy,98508800.0,bytes,3718079-chunk-1
plain-de,process.memory.uss,legacy,78962688.0,bytes,3718079-chunk-1
plain-de,system.memory.used,legacy,8908210176.0,bytes,3718079-chunk-1
plain-de,system.memory.available,legacy,41607004160.0,bytes,3718079-chunk-1
plain-de,system.memory.utilization,legacy,17.6,percent,3718079-chunk-1
plain-de,system.swap.used,legacy,0.0,bytes,3718079-chunk-1
plain-de,system.swap.utilization,legacy,0.0,percent,3718079-chunk-1
plain-de,process.cpu.utilization,legacy,0.0,percent,3718079-chunk-1
plain-de,process.cpu.time.user,legacy,0.98,seconds,3718079-chunk-1
plain-de,process.cpu.time.system,legacy,0.2,seconds,3718079-chunk-1
plain-de,process.context_switches.voluntary,legacy,14.0,count,3718079-chunk-1
plain-de,process.context_switches.involuntary,legacy,14.0,count,3718079-chunk-1
plain-de,system.cpu.utilization,legacy,0.0,percent,3718079-chunk-1
plain-de,system.load_average.1m,legacy,1.6435546875,load,3718079-chunk-1
plain-de,system.load_average.5m,legacy,2.4482421875,load,3718079-chunk-1
plain-de,system.load_average.15m,legacy,2.2744140625,load,3718079-chunk-1
plain-de,process.memory.rss,legacy,90648576.0,bytes,3718079-chunk-1
plain-de,process.memory.vms,legacy,98508800.0,bytes,3718079-chunk-1
plain-de,process.memory.uss,legacy,78991360.0,bytes,3718079-chunk-1
plain-de,system.memory.used,legacy,8908210176.0,bytes,3718079-chunk-1
plain-de,system.memory.available,legacy,41607004160.0,bytes,3718079-chunk-1
plain-de,system.memory.utilization,legacy,17.6,percent,3718079-chunk-1
plain-de,system.swap.used,legacy,0.0,bytes,3718079-chunk-1
plain-de,system.swap.utilization,legacy,0.0,percent,3718079-chunk-1
plain-de,duui.request.duration,legacy,5.500591999862081,milliseconds,3718079-chunk-1
plain-de,duui.request.duration.histogram,legacy,,milliseconds,3718079-chunk-1
plain-de,duui.request.throughput,legacy,110.58561703624082,requests_per_second,3718079-chunk-1
plain-de,duui.request.count,legacy,7.0,count,3718079-chunk-1
plain-de,duui.request.duration,legacy,5.500591999862081,milliseconds,3718079-chunk-1
plain-de,duui.request.duration.histogram,legacy,,milliseconds,3718079-chunk-1
plain-de,duui.request.throughput,legacy,62.79552851244343,requests_per_second,3718079-chunk-1
plain-de,duui.request.count,legacy,4.0,count,3718079-chunk-1
plain-de,duui.request.duration,legacy,5.500591999862081,milliseconds,3718079-chunk-1
plain-de,duui.request.duration.histogram,legacy,,milliseconds,3718079-chunk-1
plain-de,duui.request.throughput,legacy,1000.0,requests_per_second,3718079-chunk-1
plain-de,duui.request.count,legacy,1.0,count,3718079-chunk-1
plain-de,gazetteer_matches,modern,0.0,count,3718079-chunk-1
plain-de,gazetteer_processing_ms,modern,2.0,milliseconds,3718079-chunk-1
plain-de,process.cpu.utilization,modern,0.0,percent,3718079-chunk-1
plain-de,process.cpu.time.user,modern,0.98,seconds,3718079-chunk-1
plain-de,process.cpu.time.system,modern,0.21,seconds,3718079-chunk-1
plain-de,process.context_switches.voluntary,modern,14.0,count,3718079-chunk-1
plain-de,process.context_switches.involuntary,modern,14.0,count,3718079-chunk-1
plain-de,system.cpu.utilization,modern,16.7,percent,3718079-chunk-1
plain-de,system.load_average.1m,modern,1.6435546875,load,3718079-chunk-1
plain-de,system.load_average.5m,modern,2.4482421875,load,3718079-chunk-1
plain-de,system.load_average.15m,modern,2.2744140625,load,3718079-chunk-1
plain-de,process.memory.rss,modern,90804224.0,bytes,3718079-chunk-1
plain-de,process.memory.vms,modern,98508800.0,bytes,3718079-chunk-1
plain-de,process.memory.uss,modern,79147008.0,bytes,3718079-chunk-1
plain-de,system.memory.used,modern,8908582912.0,bytes,3718079-chunk-1
plain-de,system.memory.available,modern,41606631424.0,bytes,3718079-chunk-1
plain-de,system.memory.utilization,modern,17.6,percent,3718079-chunk-1
plain-de,system.swap.used,modern,0.0,bytes,3718079-chunk-1
plain-de,system.swap.utilization,modern,0.0,percent,3718079-chunk-1
plain-de,process.cpu.utilization,modern,0.0,percent,3718079-chunk-1
plain-de,process.cpu.time.user,modern,0.98,seconds,3718079-chunk-1
plain-de,process.cpu.time.system,modern,0.21,seconds,3718079-chunk-1
plain-de,process.context_switches.voluntary,modern,16.0,count,3718079-chunk-1
plain-de,process.context_switches.involuntary,modern,14.0,count,3718079-chunk-1
plain-de,system.cpu.utilization,modern,25.0,percent,3718079-chunk-1
plain-de,system.load_average.1m,modern,1.6435546875,load,3718079-chunk-1
plain-de,system.load_average.5m,modern,2.4482421875,load,3718079-chunk-1
plain-de,system.load_average.15m,modern,2.2744140625,load,3718079-chunk-1
plain-de,process.memory.rss,modern,90816512.0,bytes,3718079-chunk-1
plain-de,process.memory.vms,modern,98508800.0,bytes,3718079-chunk-1
plain-de,process.memory.uss,modern,79159296.0,bytes,3718079-chunk-1
plain-de,system.memory.used,modern,8908582912.0,bytes,3718079-chunk-1
plain-de,system.memory.available,modern,41606631424.0,bytes,3718079-chunk-1
plain-de,system.memory.utilization,modern,17.6,percent,3718079-chunk-1
plain-de,system.swap.used,modern,0.0,bytes,3718079-chunk-1
plain-de,system.swap.utilization,modern,0.0,percent,3718079-chunk-1
plain-de,duui.request.duration,modern,5.3311359997678665,milliseconds,3718079-chunk-1
plain-de,duui.request.duration.histogram,modern,,milliseconds,3718079-chunk-1
plain-de,duui.request.throughput,modern,109.2643896526334,requests_per_second,3718079-chunk-1
plain-de,duui.request.count,modern,8.0,count,3718079-chunk-1
plain-de,duui.request.duration,modern,5.3311359997678665,milliseconds,3718079-chunk-1
plain-de,duui.request.duration.histogram,modern,,milliseconds,3718079-chunk-1
plain-de,duui.request.throughput,modern,63.937100215247874,requests_per_second,3718079-chunk-1
plain-de,duui.request.count,modern,4.0,count,3718079-chunk-1
plain-de,duui.request.duration,modern,5.3311359997678665,milliseconds,3718079-chunk-1
plain-de,duui.request.duration.histogram,modern,,milliseconds,3718079-chunk-1
plain-de,duui.request.throughput,modern,1000.0,requests_per_second,3718079-chunk-1
plain-de,duui.request.count,modern,1.0,count,3718079-chunk-1
plain-de,gazetteer_legacy_matches,legacy,0.0,count,3718079-chunk-2
plain-de,gazetteer_legacy_processing_ms,legacy,2.0,milliseconds,3718079-chunk-2
plain-de,process.cpu.utilization,legacy,0.0,percent,3718079-chunk-2
plain-de,process.cpu.time.user,legacy,0.98,seconds,3718079-chunk-2
plain-de,process.cpu.time.system,legacy,0.22,seconds,3718079-chunk-2
plain-de,process.context_switches.voluntary,legacy,16.0,count,3718079-chunk-2
plain-de,process.context_switches.involuntary,legacy,14.0,count,3718079-chunk-2
plain-de,system.cpu.utilization,legacy,42.9,percent,3718079-chunk-2
plain-de,system.load_average.1m,legacy,1.6435546875,load,3718079-chunk-2
plain-de,system.load_average.5m,legacy,2.4482421875,load,3718079-chunk-2
plain-de,system.load_average.15m,legacy,2.2744140625,load,3718079-chunk-2
plain-de,process.memory.rss,legacy,90980352.0,bytes,3718079-chunk-2
plain-de,process.memory.vms,legacy,99557376.0,bytes,3718079-chunk-2
plain-de,process.memory.uss,legacy,79327232.0,bytes,3718079-chunk-2
plain-de,system.memory.used,legacy,8908582912.0,bytes,3718079-chunk-2
plain-de,system.memory.available,legacy,41606631424.0,bytes,3718079-chunk-2
plain-de,system.memory.utilization,legacy,17.6,percent,3718079-chunk-2
plain-de,system.swap.used,legacy,0.0,bytes,3718079-chunk-2
plain-de,system.swap.utilization,legacy,0.0,percent,3718079-chunk-2
plain-de,process.cpu.utilization,legacy,0.0,percent,3718079-chunk-2
plain-de,process.cpu.time.user,legacy,0.98,seconds,3718079-chunk-2
plain-de,process.cpu.time.system,legacy,0.22,seconds,3718079-chunk-2
plain-de,process.context_switches.voluntary,legacy,18.0,count,3718079-chunk-2
plain-de,process.context_switches.involuntary,legacy,14.0,count,3718079-chunk-2
plain-de,system.cpu.utilization,legacy,40.0,percent,3718079-chunk-2
plain-de,system.load_average.1m,legacy,1.6435546875,load,3718079-chunk-2
plain-de,system.load_average.5m,legacy,2.4482421875,load,3718079-chunk-2
plain-de,system.load_average.15m,legacy,2.2744140625,load,3718079-chunk-2
plain-de,process.memory.rss,legacy,90996736.0,bytes,3718079-chunk-2
plain-de,process.memory.vms,legacy,99557376.0,bytes,3718079-chunk-2
plain-de,process.memory.uss,legacy,79339520.0,bytes,3718079-chunk-2
plain-de,system.memory.used,legacy,8908582912.0,bytes,3718079-chunk-2
plain-de,system.memory.available,legacy,41606631424.0,bytes,3718079-chunk-2
plain-de,system.memory.utilization,legacy,17.6,percent,3718079-chunk-2
plain-de,system.swap.used,legacy,0.0,bytes,3718079-chunk-2
plain-de,system.swap.utilization,legacy,0.0,percent,3718079-chunk-2
plain-de,duui.request.duration,legacy,5.686522000360128,milliseconds,3718079-chunk-2
plain-de,duui.request.duration.histogram,legacy,,milliseconds,3718079-chunk-2
plain-de,duui.request.throughput,legacy,107.70124579132185,requests_per_second,3718079-chunk-2
plain-de,duui.request.count,legacy,9.0,count,3718079-chunk-2
plain-de,duui.request.duration,legacy,5.686522000360128,milliseconds,3718079-chunk-2
plain-de,duui.request.duration.histogram,legacy,,milliseconds,3718079-chunk-2
plain-de,duui.request.throughput,legacy,59.57916282155048,requests_per_second,3718079-chunk-2
plain-de,duui.request.count,legacy,5.0,count,3718079-chunk-2
plain-de,duui.request.duration,legacy,5.686522000360128,milliseconds,3718079-chunk-2
plain-de,duui.request.duration.histogram,legacy,,milliseconds,3718079-chunk-2
plain-de,duui.request.throughput,legacy,1000.0,requests_per_second,3718079-chunk-2
plain-de,duui.request.count,legacy,1.0,count,3718079-chunk-2
plain-de,gazetteer_matches,modern,0.0,count,3718079-chunk-2
plain-de,gazetteer_processing_ms,modern,2.0,milliseconds,3718079-chunk-2
plain-de,process.cpu.utilization,modern,0.0,percent,3718079-chunk-2
plain-de,process.cpu.time.user,modern,0.98,seconds,3718079-chunk-2
plain-de,process.cpu.time.system,modern,0.23,seconds,3718079-chunk-2
plain-de,process.context_switches.voluntary,modern,18.0,count,3718079-chunk-2
plain-de,process.context_switches.involuntary,modern,15.0,count,3718079-chunk-2
plain-de,system.cpu.utilization,modern,44.4,percent,3718079-chunk-2
plain-de,system.load_average.1m,modern,1.6435546875,load,3718079-chunk-2
plain-de,system.load_average.5m,modern,2.4482421875,load,3718079-chunk-2
plain-de,system.load_average.15m,modern,2.2744140625,load,3718079-chunk-2
plain-de,process.memory.rss,modern,91164672.0,bytes,3718079-chunk-2
plain-de,process.memory.vms,modern,99557376.0,bytes,3718079-chunk-2
plain-de,process.memory.uss,modern,79507456.0,bytes,3718079-chunk-2
plain-de,system.memory.used,modern,8908582912.0,bytes,3718079-chunk-2
plain-de,system.memory.available,modern,41606631424.0,bytes,3718079-chunk-2
plain-de,system.memory.utilization,modern,17.6,percent,3718079-chunk-2
plain-de,system.swap.used,modern,0.0,bytes,3718079-chunk-2
plain-de,system.swap.utilization,modern,0.0,percent,3718079-chunk-2
plain-de,process.cpu.utilization,modern,0.0,percent,3718079-chunk-2
plain-de,process.cpu.time.user,modern,0.98,seconds,3718079-chunk-2
plain-de,process.cpu.time.system,modern,0.23,seconds,3718079-chunk-2
plain-de,process.context_switches.voluntary,modern,20.0,count,3718079-chunk-2
plain-de,process.context_switches.involuntary,modern,15.0,count,3718079-chunk-2
plain-de,system.cpu.utilization,modern,25.0,percent,3718079-chunk-2
plain-de,system.load_average.1m,modern,1.6435546875,load,3718079-chunk-2
plain-de,system.load_average.5m,modern,2.4482421875,load,3718079-chunk-2
plain-de,system.load_average.15m,modern,2.2744140625,load,3718079-chunk-2
plain-de,process.memory.rss,modern,91181056.0,bytes,3718079-chunk-2
plain-de,process.memory.vms,modern,99557376.0,bytes,3718079-chunk-2
plain-de,process.memory.uss,modern,79523840.0,bytes,3718079-chunk-2
plain-de,system.memory.used,modern,8908582912.0,bytes,3718079-chunk-2
plain-de,system.memory.available,modern,41606631424.0,bytes,3718079-chunk-2
plain-de,system.memory.utilization,modern,17.6,percent,3718079-chunk-2
plain-de,system.swap.used,modern,0.0,bytes,3718079-chunk-2
plain-de,system.swap.utilization,modern,0.0,percent,3718079-chunk-2
plain-de,duui.request.duration,modern,6.330237999918609,milliseconds,3718079-chunk-2
plain-de,duui.request.duration.histogram,modern,,milliseconds,3718079-chunk-2
plain-de,duui.request.throughput,modern,104.41509519437982,requests_per_second,3718079-chunk-2
plain-de,duui.request.count,modern,10.0,count,3718079-chunk-2
plain-de,duui.request.duration,modern,6.330237999918609,milliseconds,3718079-chunk-2
plain-de,duui.request.duration.histogram,modern,,milliseconds,3718079-chunk-2
plain-de,duui.request.throughput,modern,58.61957535752757,requests_per_second,3718079-chunk-2
plain-de,duui.request.count,modern,5.0,count,3718079-chunk-2
plain-de,duui.request.duration,modern,6.330237999918609,milliseconds,3718079-chunk-2
plain-de,duui.request.duration.histogram,modern,,milliseconds,3718079-chunk-2
plain-de,duui.request.throughput,modern,1000.0,requests_per_second,3718079-chunk-2
plain-de,duui.request.count,modern,1.0,count,3718079-chunk-2
plain-de,gazetteer_legacy_matches,legacy,1.0,count,3720448-chunk-1
plain-de,gazetteer_legacy_processing_ms,legacy,3.0,milliseconds,3720448-chunk-1
plain-de,process.cpu.utilization,legacy,0.0,percent,3720448-chunk-1
plain-de,process.cpu.time.user,legacy,0.98,seconds,3720448-chunk-1
plain-de,process.cpu.time.system,legacy,0.23,seconds,3720448-chunk-1
plain-de,process.context_switches.voluntary,legacy,20.0,count,3720448-chunk-1
plain-de,process.context_switches.involuntary,legacy,15.0,count,3720448-chunk-1
plain-de,system.cpu.utilization,legacy,55.6,percent,3720448-chunk-1
plain-de,system.load_average.1m,legacy,1.6435546875,load,3720448-chunk-1
plain-de,system.load_average.5m,legacy,2.4482421875,load,3720448-chunk-1
plain-de,system.load_average.15m,legacy,2.2744140625,load,3720448-chunk-1
plain-de,process.memory.rss,legacy,91344896.0,bytes,3720448-chunk-1
plain-de,process.memory.vms,legacy,99557376.0,bytes,3720448-chunk-1
plain-de,process.memory.uss,legacy,79691776.0,bytes,3720448-chunk-1
plain-de,system.memory.used,legacy,8909099008.0,bytes,3720448-chunk-1
plain-de,system.memory.available,legacy,41606115328.0,bytes,3720448-chunk-1
plain-de,system.memory.utilization,legacy,17.6,percent,3720448-chunk-1
plain-de,system.swap.used,legacy,0.0,bytes,3720448-chunk-1
plain-de,system.swap.utilization,legacy,0.0,percent,3720448-chunk-1
plain-de,process.cpu.utilization,legacy,179.2,percent,3720448-chunk-1
plain-de,process.cpu.time.user,legacy,0.98,seconds,3720448-chunk-1
plain-de,process.cpu.time.system,legacy,0.24,seconds,3720448-chunk-1
plain-de,process.context_switches.voluntary,legacy,22.0,count,3720448-chunk-1
plain-de,process.context_switches.involuntary,legacy,15.0,count,3720448-chunk-1
plain-de,system.cpu.utilization,legacy,66.7,percent,3720448-chunk-1
plain-de,system.load_average.1m,legacy,1.6435546875,load,3720448-chunk-1
plain-de,system.load_average.5m,legacy,2.4482421875,load,3720448-chunk-1
plain-de,system.load_average.15m,legacy,2.2744140625,load,3720448-chunk-1
plain-de,process.memory.rss,legacy,91369472.0,bytes,3720448-chunk-1
plain-de,process.memory.vms,legacy,99557376.0,bytes,3720448-chunk-1
plain-de,process.memory.uss,legacy,79712256.0,bytes,3720448-chunk-1
plain-de,system.memory.used,legacy,8907440128.0,bytes,3720448-chunk-1
plain-de,system.memory.available,legacy,41607774208.0,bytes,3720448-chunk-1
plain-de,system.memory.utilization,legacy,17.6,percent,3720448-chunk-1
plain-de,system.swap.used,legacy,0.0,bytes,3720448-chunk-1
plain-de,system.swap.utilization,legacy,0.0,percent,3720448-chunk-1
plain-de,duui.request.duration,legacy,7.72635299972535,milliseconds,3720448-chunk-1
plain-de,duui.request.duration.histogram,legacy,,milliseconds,3720448-chunk-1
plain-de,duui.request.throughput,legacy,101.80216579684281,requests_per_second,3720448-chunk-1
plain-de,duui.request.count,legacy,11.0,count,3720448-chunk-1
plain-de,duui.request.duration,legacy,7.72635299972535,milliseconds,3720448-chunk-1
plain-de,duui.request.duration.histogram,legacy,,milliseconds,3720448-chunk-1
plain-de,duui.request.throughput,legacy,55.330723260001044,requests_per_second,3720448-chunk-1
plain-de,duui.request.count,legacy,6.0,count,3720448-chunk-1
plain-de,duui.request.duration,legacy,7.72635299972535,milliseconds,3720448-chunk-1
plain-de,duui.request.duration.histogram,legacy,,milliseconds,3720448-chunk-1
plain-de,duui.request.throughput,legacy,1000.0,requests_per_second,3720448-chunk-1
plain-de,duui.request.count,legacy,1.0,count,3720448-chunk-1
plain-de,gazetteer_matches,modern,1.0,count,3720448-chunk-1
plain-de,gazetteer_processing_ms,modern,2.0,milliseconds,3720448-chunk-1
plain-de,process.cpu.utilization,modern,0.0,percent,3720448-chunk-1
plain-de,process.cpu.time.user,modern,0.99,seconds,3720448-chunk-1
plain-de,process.cpu.time.system,modern,0.24,seconds,3720448-chunk-1
plain-de,process.context_switches.voluntary,modern,22.0,count,3720448-chunk-1
plain-de,process.context_switches.involuntary,modern,15.0,count,3720448-chunk-1
plain-de,system.cpu.utilization,modern,33.3,percent,3720448-chunk-1
plain-de,system.load_average.1m,modern,1.6435546875,load,3720448-chunk-1
plain-de,system.load_average.5m,modern,2.4482421875,load,3720448-chunk-1
plain-de,system.load_average.15m,modern,2.2744140625,load,3720448-chunk-1
plain-de,process.memory.rss,modern,91521024.0,bytes,3720448-chunk-1
plain-de,process.memory.vms,modern,99557376.0,bytes,3720448-chunk-1
plain-de,process.memory.uss,modern,79863808.0,bytes,3720448-chunk-1
plain-de,system.memory.used,modern,8907440128.0,bytes,3720448-chunk-1
plain-de,system.memory.available,modern,41607774208.0,bytes,3720448-chunk-1
plain-de,system.memory.utilization,modern,17.6,percent,3720448-chunk-1
plain-de,system.swap.used,modern,0.0,bytes,3720448-chunk-1
plain-de,system.swap.utilization,modern,0.0,percent,3720448-chunk-1
plain-de,process.cpu.utilization,modern,0.0,percent,3720448-chunk-1
plain-de,process.cpu.time.user,modern,0.99,seconds,3720448-chunk-1
plain-de,process.cpu.time.system,modern,0.24,seconds,3720448-chunk-1
plain-de,process.context_switches.voluntary,modern,24.0,count,3720448-chunk-1
plain-de,process.context_switches.involuntary,modern,15.0,count,3720448-chunk-1
plain-de,system.cpu.utilization,modern,33.3,percent,3720448-chunk-1
plain-de,system.load_average.1m,modern,1.6435546875,load,3720448-chunk-1
plain-de,system.load_average.5m,modern,2.4482421875,load,3720448-chunk-1
plain-de,system.load_average.15m,modern,2.2744140625,load,3720448-chunk-1
plain-de,process.memory.rss,modern,91549696.0,bytes,3720448-chunk-1
plain-de,process.memory.vms,modern,99557376.0,bytes,3720448-chunk-1
plain-de,process.memory.uss,modern,79892480.0,bytes,3720448-chunk-1
plain-de,system.memory.used,modern,8907440128.0,bytes,3720448-chunk-1
plain-de,system.memory.available,modern,41607774208.0,bytes,3720448-chunk-1
plain-de,system.memory.utilization,modern,17.6,percent,3720448-chunk-1
plain-de,system.swap.used,modern,0.0,bytes,3720448-chunk-1
plain-de,system.swap.utilization,modern,0.0,percent,3720448-chunk-1
plain-de,duui.request.duration,modern,6.603097000152047,milliseconds,3720448-chunk-1
plain-de,duui.request.duration.histogram,modern,,milliseconds,3720448-chunk-1
plain-de,duui.request.throughput,modern,100.71056084456644,requests_per_second,3720448-chunk-1
plain-de,duui.request.count,modern,12.0,count,3720448-chunk-1
plain-de,duui.request.duration,modern,6.603097000152047,milliseconds,3720448-chunk-1
plain-de,duui.request.duration.histogram,modern,,milliseconds,3720448-chunk-1
plain-de,duui.request.throughput,modern,55.16855681346993,requests_per_second,3720448-chunk-1
plain-de,duui.request.count,modern,6.0,count,3720448-chunk-1
plain-de,duui.request.duration,modern,6.603097000152047,milliseconds,3720448-chunk-1
plain-de,duui.request.duration.histogram,modern,,milliseconds,3720448-chunk-1
plain-de,duui.request.throughput,modern,998.0428380654179,requests_per_second,3720448-chunk-1
plain-de,duui.request.count,modern,1.0,count,3720448-chunk-1
plain-de,gazetteer_legacy_matches,legacy,0.0,count,3720448-chunk-2
plain-de,gazetteer_legacy_processing_ms,legacy,2.0,milliseconds,3720448-chunk-2
plain-de,process.cpu.utilization,legacy,0.0,percent,3720448-chunk-2
plain-de,process.cpu.time.user,legacy,0.99,seconds,3720448-chunk-2
plain-de,process.cpu.time.system,legacy,0.24,seconds,3720448-chunk-2
plain-de,process.context_switches.voluntary,legacy,24.0,count,3720448-chunk-2
plain-de,process.context_switches.involuntary,legacy,15.0,count,3720448-chunk-2
plain-de,system.cpu.utilization,legacy,42.9,percent,3720448-chunk-2
plain-de,system.load_average.1m,legacy,1.6435546875,load,3720448-chunk-2
plain-de,system.load_average.5m,legacy,2.4482421875,load,3720448-chunk-2
plain-de,system.load_average.15m,legacy,2.2744140625,load,3720448-chunk-2
plain-de,process.memory.rss,legacy,91717632.0,bytes,3720448-chunk-2
plain-de,process.memory.vms,legacy,99557376.0,bytes,3720448-chunk-2
plain-de,process.memory.uss,legacy,80060416.0,bytes,3720448-chunk-2
plain-de,system.memory.used,legacy,8907624448.0,bytes,3720448-chunk-2
plain-de,system.memory.available,legacy,41607589888.0,bytes,3720448-chunk-2
plain-de,system.memory.utilization,legacy,17.6,percent,3720448-chunk-2
plain-de,system.swap.used,legacy,0.0,bytes,3720448-chunk-2
plain-de,system.swap.utilization,legacy,0.0,percent,3720448-chunk-2
plain-de,process.cpu.utilization,legacy,195.7,percent,3720448-chunk-2
plain-de,process.cpu.time.user,legacy,0.99,seconds,3720448-chunk-2
plain-de,process.cpu.time.system,legacy,0.25,seconds,3720448-chunk-2
plain-de,process.context_switches.voluntary,legacy,26.0,count,3720448-chunk-2
plain-de,process.context_switches.involuntary,legacy,15.0,count,3720448-chunk-2
plain-de,system.cpu.utilization,legacy,42.9,percent,3720448-chunk-2
plain-de,system.load_average.1m,legacy,1.6435546875,load,3720448-chunk-2
plain-de,system.load_average.5m,legacy,2.4482421875,load,3720448-chunk-2
plain-de,system.load_average.15m,legacy,2.2744140625,load,3720448-chunk-2
plain-de,process.memory.rss,legacy,91725824.0,bytes,3720448-chunk-2
plain-de,process.memory.vms,legacy,99557376.0,bytes,3720448-chunk-2
plain-de,process.memory.uss,legacy,80068608.0,bytes,3720448-chunk-2
plain-de,system.memory.used,legacy,8908140544.0,bytes,3720448-chunk-2
plain-de,system.memory.available,legacy,41607073792.0,bytes,3720448-chunk-2
plain-de,system.memory.utilization,legacy,17.6,percent,3720448-chunk-2
plain-de,system.swap.used,legacy,0.0,bytes,3720448-chunk-2
plain-de,system.swap.utilization,legacy,0.0,percent,3720448-chunk-2
plain-de,duui.request.duration,legacy,7.144621999941592,milliseconds,3720448-chunk-2
plain-de,duui.request.duration.histogram,legacy,,milliseconds,3720448-chunk-2
plain-de,duui.request.throughput,legacy,99.61315384967256,requests_per_second,3720448-chunk-2
plain-de,duui.request.count,legacy,13.0,count,3720448-chunk-2
plain-de,duui.request.duration,legacy,7.144621999941592,milliseconds,3720448-chunk-2
plain-de,duui.request.duration.histogram,legacy,,milliseconds,3720448-chunk-2
plain-de,duui.request.throughput,legacy,53.5105529459947,requests_per_second,3720448-chunk-2
plain-de,duui.request.count,legacy,7.0,count,3720448-chunk-2
plain-de,duui.request.duration,legacy,7.144621999941592,milliseconds,3720448-chunk-2
plain-de,duui.request.duration.histogram,legacy,,milliseconds,3720448-chunk-2
plain-de,duui.request.throughput,legacy,1000.0,requests_per_second,3720448-chunk-2
plain-de,duui.request.count,legacy,1.0,count,3720448-chunk-2
plain-de,gazetteer_matches,modern,0.0,count,3720448-chunk-2
plain-de,gazetteer_processing_ms,modern,2.0,milliseconds,3720448-chunk-2
plain-de,process.cpu.utilization,modern,0.0,percent,3720448-chunk-2
plain-de,process.cpu.time.user,modern,0.99,seconds,3720448-chunk-2
plain-de,process.cpu.time.system,modern,0.25,seconds,3720448-chunk-2
plain-de,process.context_switches.voluntary,modern,26.0,count,3720448-chunk-2
plain-de,process.context_switches.involuntary,modern,15.0,count,3720448-chunk-2
plain-de,system.cpu.utilization,modern,50.0,percent,3720448-chunk-2
plain-de,system.load_average.1m,modern,1.6435546875,load,3720448-chunk-2
plain-de,system.load_average.5m,modern,2.4482421875,load,3720448-chunk-2
plain-de,system.load_average.15m,modern,2.2744140625,load,3720448-chunk-2
plain-de,process.memory.rss,modern,91897856.0,bytes,3720448-chunk-2
plain-de,process.memory.vms,modern,99557376.0,bytes,3720448-chunk-2
plain-de,process.memory.uss,modern,80240640.0,bytes,3720448-chunk-2
plain-de,system.memory.used,modern,8908140544.0,bytes,3720448-chunk-2
plain-de,system.memory.available,modern,41607073792.0,bytes,3720448-chunk-2
plain-de,system.memory.utilization,modern,17.6,percent,3720448-chunk-2
plain-de,system.swap.used,modern,0.0,bytes,3720448-chunk-2
plain-de,system.swap.utilization,modern,0.0,percent,3720448-chunk-2
plain-de,process.cpu.utilization,modern,184.3,percent,3720448-chunk-2
plain-de,process.cpu.time.user,modern,0.99,seconds,3720448-chunk-2
plain-de,process.cpu.time.system,modern,0.26,seconds,3720448-chunk-2
plain-de,process.context_switches.voluntary,modern,28.0,count,3720448-chunk-2
plain-de,process.context_switches.involuntary,modern,15.0,count,3720448-chunk-2
plain-de,system.cpu.utilization,modern,42.9,percent,3720448-chunk-2
plain-de,system.load_average.1m,modern,1.6435546875,load,3720448-chunk-2
plain-de,system.load_average.5m,modern,2.4482421875,load,3720448-chunk-2
plain-de,system.load_average.15m,modern,2.2744140625,load,3720448-chunk-2
plain-de,process.memory.rss,modern,91922432.0,bytes,3720448-chunk-2
plain-de,process.memory.vms,modern,99557376.0,bytes,3720448-chunk-2
plain-de,process.memory.uss,modern,80265216.0,bytes,3720448-chunk-2
plain-de,system.memory.used,modern,8908140544.0,bytes,3720448-chunk-2
plain-de,system.memory.available,modern,41607073792.0,bytes,3720448-chunk-2
plain-de,system.memory.utilization,modern,17.6,percent,3720448-chunk-2
plain-de,system.swap.used,modern,0.0,bytes,3720448-chunk-2
plain-de,system.swap.utilization,modern,0.0,percent,3720448-chunk-2
plain-de,duui.request.duration,modern,7.54485300012675,milliseconds,3720448-chunk-2
plain-de,duui.request.duration.histogram,modern,,milliseconds,3720448-chunk-2
plain-de,duui.request.throughput,modern,97.86722089901072,requests_per_second,3720448-chunk-2
plain-de,duui.request.count,modern,14.0,count,3720448-chunk-2
plain-de,duui.request.duration,modern,7.54485300012675,milliseconds,3720448-chunk-2
plain-de,duui.request.duration.histogram,modern,,milliseconds,3720448-chunk-2
plain-de,duui.request.throughput,modern,52.86760178428217,requests_per_second,3720448-chunk-2
plain-de,duui.request.count,modern,7.0,count,3720448-chunk-2
plain-de,duui.request.duration,modern,7.54485300012675,milliseconds,3720448-chunk-2
plain-de,duui.request.duration.histogram,modern,,milliseconds,3720448-chunk-2
plain-de,duui.request.throughput,modern,1000.0,requests_per_second,3720448-chunk-2
plain-de,duui.request.count,modern,1.0,count,3720448-chunk-2
virus-skipgram,gazetteer_legacy_matches,legacy,2.0,count,warmup
virus-skipgram,gazetteer_legacy_processing_ms,legacy,16.0,milliseconds,warmup
virus-skipgram,process.cpu.utilization,legacy,0.0,percent,warmup
virus-skipgram,process.cpu.time.user,legacy,0.94,seconds,warmup
virus-skipgram,process.cpu.time.system,legacy,0.18,seconds,warmup
virus-skipgram,process.context_switches.voluntary,legacy,0.0,count,warmup
virus-skipgram,process.context_switches.involuntary,legacy,15.0,count,warmup
virus-skipgram,system.cpu.utilization,legacy,13.6,percent,warmup
virus-skipgram,system.load_average.1m,legacy,2.55078125,load,warmup
virus-skipgram,system.load_average.5m,legacy,2.5068359375,load,warmup
virus-skipgram,system.load_average.15m,legacy,2.3076171875,load,warmup
virus-skipgram,process.memory.rss,legacy,87887872.0,bytes,warmup
virus-skipgram,process.memory.vms,legacy,96722944.0,bytes,warmup
virus-skipgram,process.memory.uss,legacy,76726272.0,bytes,warmup
virus-skipgram,system.memory.used,legacy,8789274624.0,bytes,warmup
virus-skipgram,system.memory.available,legacy,41725939712.0,bytes,warmup
virus-skipgram,system.memory.utilization,legacy,17.4,percent,warmup
virus-skipgram,system.swap.used,legacy,0.0,bytes,warmup
virus-skipgram,system.swap.utilization,legacy,0.0,percent,warmup
virus-skipgram,process.cpu.utilization,legacy,107.5,percent,warmup
virus-skipgram,process.cpu.time.user,legacy,0.96,seconds,warmup
virus-skipgram,process.cpu.time.system,legacy,0.18,seconds,warmup
virus-skipgram,process.context_switches.voluntary,legacy,2.0,count,warmup
virus-skipgram,process.context_switches.involuntary,legacy,15.0,count,warmup
virus-skipgram,system.cpu.utilization,legacy,9.1,percent,warmup
virus-skipgram,system.load_average.1m,legacy,2.55078125,load,warmup
virus-skipgram,system.load_average.5m,legacy,2.5068359375,load,warmup
virus-skipgram,system.load_average.15m,legacy,2.3076171875,load,warmup
virus-skipgram,process.memory.rss,legacy,89550848.0,bytes,warmup
virus-skipgram,process.memory.vms,legacy,97398784.0,bytes,warmup
virus-skipgram,process.memory.uss,legacy,77844480.0,bytes,warmup
virus-skipgram,system.memory.used,legacy,8789274624.0,bytes,warmup
virus-skipgram,system.memory.available,legacy,41725939712.0,bytes,warmup
virus-skipgram,system.memory.utilization,legacy,17.4,percent,warmup
virus-skipgram,system.swap.used,legacy,0.0,bytes,warmup
virus-skipgram,system.swap.utilization,legacy,0.0,percent,warmup
virus-skipgram,duui.request.duration,legacy,20.928281000124116,milliseconds,warmup
virus-skipgram,duui.request.duration.histogram,legacy,,milliseconds,warmup
virus-skipgram,duui.request.throughput,legacy,1000.0,requests_per_second,warmup
virus-skipgram,duui.request.count,legacy,1.0,count,warmup
virus-skipgram,duui.request.duration,legacy,20.928281000124116,milliseconds,warmup
virus-skipgram,duui.request.duration.histogram,legacy,,milliseconds,warmup
virus-skipgram,duui.request.throughput,legacy,1000.0,requests_per_second,warmup
virus-skipgram,duui.request.count,legacy,1.0,count,warmup
virus-skipgram,duui.request.duration,legacy,20.928281000124116,milliseconds,warmup
virus-skipgram,duui.request.duration.histogram,legacy,,milliseconds,warmup
virus-skipgram,duui.request.throughput,legacy,1000.0,requests_per_second,warmup
virus-skipgram,duui.request.count,legacy,1.0,count,warmup
virus-skipgram,gazetteer_matches,modern,2.0,count,warmup
virus-skipgram,gazetteer_processing_ms,modern,2.0,milliseconds,warmup
virus-skipgram,process.cpu.utilization,modern,0.0,percent,warmup
virus-skipgram,process.cpu.time.user,modern,0.96,seconds,warmup
virus-skipgram,process.cpu.time.system,modern,0.19,seconds,warmup
virus-skipgram,process.context_switches.voluntary,modern,2.0,count,warmup
virus-skipgram,process.context_switches.involuntary,modern,15.0,count,warmup
virus-skipgram,system.cpu.utilization,modern,28.6,percent,warmup
virus-skipgram,system.load_average.1m,modern,2.55078125,load,warmup
virus-skipgram,system.load_average.5m,modern,2.5068359375,load,warmup
virus-skipgram,system.load_average.15m,modern,2.3076171875,load,warmup
virus-skipgram,process.memory.rss,modern,89726976.0,bytes,warmup
virus-skipgram,process.memory.vms,modern,97533952.0,bytes,warmup
virus-skipgram,process.memory.uss,modern,78020608.0,bytes,warmup
virus-skipgram,system.memory.used,modern,8789274624.0,bytes,warmup
virus-skipgram,system.memory.available,modern,41725939712.0,bytes,warmup
virus-skipgram,system.memory.utilization,modern,17.4,percent,warmup
virus-skipgram,system.swap.used,modern,0.0,bytes,warmup
virus-skipgram,system.swap.utilization,modern,0.0,percent,warmup
virus-skipgram,process.cpu.utilization,modern,0.0,percent,warmup
virus-skipgram,process.cpu.time.user,modern,0.96,seconds,warmup
virus-skipgram,process.cpu.time.system,modern,0.19,seconds,warmup
virus-skipgram,process.context_switches.voluntary,modern,4.0,count,warmup
virus-skipgram,process.context_switches.involuntary,modern,15.0,count,warmup
virus-skipgram,system.cpu.utilization,modern,0.0,percent,warmup
virus-skipgram,system.load_average.1m,modern,2.55078125,load,warmup
virus-skipgram,system.load_average.5m,modern,2.5068359375,load,warmup
virus-skipgram,system.load_average.15m,modern,2.3076171875,load,warmup
virus-skipgram,process.memory.rss,modern,89776128.0,bytes,warmup
virus-skipgram,process.memory.vms,modern,97533952.0,bytes,warmup
virus-skipgram,process.memory.uss,modern,78069760.0,bytes,warmup
virus-skipgram,system.memory.used,modern,8789274624.0,bytes,warmup
virus-skipgram,system.memory.available,modern,41725939712.0,bytes,warmup
virus-skipgram,system.memory.utilization,modern,17.4,percent,warmup
virus-skipgram,system.swap.used,modern,0.0,bytes,warmup
virus-skipgram,system.swap.utilization,modern,0.0,percent,warmup
virus-skipgram,duui.request.duration,modern,6.246856999950978,milliseconds,warmup
virus-skipgram,duui.request.duration.histogram,modern,,milliseconds,warmup
virus-skipgram,duui.request.throughput,modern,191.57545041208417,requests_per_second,warmup
virus-skipgram,duui.request.count,modern,2.0,count,warmup
virus-skipgram,duui.request.duration,modern,6.246856999950978,milliseconds,warmup
virus-skipgram,duui.request.duration.histogram,modern,,milliseconds,warmup
virus-skipgram,duui.request.throughput,modern,1000.0,requests_per_second,warmup
virus-skipgram,duui.request.count,modern,1.0,count,warmup
virus-skipgram,duui.request.duration,modern,6.246856999950978,milliseconds,warmup
virus-skipgram,duui.request.duration.histogram,modern,,milliseconds,warmup
virus-skipgram,duui.request.throughput,modern,1000.0,requests_per_second,warmup
virus-skipgram,duui.request.count,modern,1.0,count,warmup
virus-skipgram,gazetteer_legacy_matches,legacy,0.0,count,3713534-chunk-1
virus-skipgram,gazetteer_legacy_processing_ms,legacy,3.0,milliseconds,3713534-chunk-1
virus-skipgram,process.cpu.utilization,legacy,0.0,percent,3713534-chunk-1
virus-skipgram,process.cpu.time.user,legacy,0.96,seconds,3713534-chunk-1
virus-skipgram,process.cpu.time.system,legacy,0.19,seconds,3713534-chunk-1
virus-skipgram,process.context_switches.voluntary,legacy,4.0,count,3713534-chunk-1
virus-skipgram,process.context_switches.involuntary,legacy,15.0,count,3713534-chunk-1
virus-skipgram,system.cpu.utilization,legacy,0.0,percent,3713534-chunk-1
virus-skipgram,system.load_average.1m,legacy,2.55078125,load,3713534-chunk-1
virus-skipgram,system.load_average.5m,legacy,2.5068359375,load,3713534-chunk-1
virus-skipgram,system.load_average.15m,legacy,2.3076171875,load,3713534-chunk-1
virus-skipgram,process.memory.rss,legacy,89931776.0,bytes,3713534-chunk-1
virus-skipgram,process.memory.vms,legacy,97533952.0,bytes,3713534-chunk-1
virus-skipgram,process.memory.uss,legacy,78225408.0,bytes,3713534-chunk-1
virus-skipgram,system.memory.used,legacy,8789958656.0,bytes,3713534-chunk-1
virus-skipgram,system.memory.available,legacy,41725255680.0,bytes,3713534-chunk-1
virus-skipgram,system.memory.utilization,legacy,17.4,percent,3713534-chunk-1
virus-skipgram,system.swap.used,legacy,0.0,bytes,3713534-chunk-1
virus-skipgram,system.swap.utilization,legacy,0.0,percent,3713534-chunk-1
virus-skipgram,process.cpu.utilization,legacy,0.0,percent,3713534-chunk-1
virus-skipgram,process.cpu.time.user,legacy,0.96,seconds,3713534-chunk-1
virus-skipgram,process.cpu.time.system,legacy,0.19,seconds,3713534-chunk-1
virus-skipgram,process.context_switches.voluntary,legacy,6.0,count,3713534-chunk-1
virus-skipgram,process.context_switches.involuntary,legacy,15.0,count,3713534-chunk-1
virus-skipgram,system.cpu.utilization,legacy,16.7,percent,3713534-chunk-1
virus-skipgram,system.load_average.1m,legacy,2.55078125,load,3713534-chunk-1
virus-skipgram,system.load_average.5m,legacy,2.5068359375,load,3713534-chunk-1
virus-skipgram,system.load_average.15m,legacy,2.3076171875,load,3713534-chunk-1
virus-skipgram,process.memory.rss,legacy,89952256.0,bytes,3713534-chunk-1
virus-skipgram,process.memory.vms,legacy,97533952.0,bytes,3713534-chunk-1
virus-skipgram,process.memory.uss,legacy,78245888.0,bytes,3713534-chunk-1
virus-skipgram,system.memory.used,legacy,8789958656.0,bytes,3713534-chunk-1
virus-skipgram,system.memory.available,legacy,41725255680.0,bytes,3713534-chunk-1
virus-skipgram,system.memory.utilization,legacy,17.4,percent,3713534-chunk-1
virus-skipgram,system.swap.used,legacy,0.0,bytes,3713534-chunk-1
virus-skipgram,system.swap.utilization,legacy,0.0,percent,3713534-chunk-1
virus-skipgram,duui.request.duration,legacy,7.011359999978595,milliseconds,3713534-chunk-1
virus-skipgram,duui.request.duration.histogram,legacy,,milliseconds,3713534-chunk-1
virus-skipgram,duui.request.throughput,legacy,138.56864776207593,requests_per_second,3713534-chunk-1
virus-skipgram,duui.request.count,legacy,3.0,count,3713534-chunk-1
virus-skipgram,duui.request.duration,legacy,7.011359999978595,milliseconds,3713534-chunk-1
virus-skipgram,duui.request.duration.histogram,legacy,,milliseconds,3713534-chunk-1
virus-skipgram,duui.request.throughput,legacy,90.98380929463384,requests_per_second,3713534-chunk-1
virus-skipgram,duui.request.count,legacy,2.0,count,3713534-chunk-1
virus-skipgram,duui.request.duration,legacy,7.011359999978595,milliseconds,3713534-chunk-1
virus-skipgram,duui.request.duration.histogram,legacy,,milliseconds,3713534-chunk-1
virus-skipgram,duui.request.throughput,legacy,1000.0,requests_per_second,3713534-chunk-1
virus-skipgram,duui.request.count,legacy,1.0,count,3713534-chunk-1
virus-skipgram,gazetteer_matches,modern,0.0,count,3713534-chunk-1
virus-skipgram,gazetteer_processing_ms,modern,2.0,milliseconds,3713534-chunk-1
virus-skipgram,process.cpu.utilization,modern,0.0,percent,3713534-chunk-1
virus-skipgram,process.cpu.time.user,modern,0.96,seconds,3713534-chunk-1
virus-skipgram,process.cpu.time.system,modern,0.2,seconds,3713534-chunk-1
virus-skipgram,process.context_switches.voluntary,modern,6.0,count,3713534-chunk-1
virus-skipgram,process.context_switches.involuntary,modern,15.0,count,3713534-chunk-1
virus-skipgram,system.cpu.utilization,modern,28.6,percent,3713534-chunk-1
virus-skipgram,system.load_average.1m,modern,2.55078125,load,3713534-chunk-1
virus-skipgram,system.load_average.5m,modern,2.5068359375,load,3713534-chunk-1
virus-skipgram,system.load_average.15m,modern,2.3076171875,load,3713534-chunk-1
virus-skipgram,process.memory.rss,modern,90103808.0,bytes,3713534-chunk-1
virus-skipgram,process.memory.vms,modern,97533952.0,bytes,3713534-chunk-1
virus-skipgram,process.memory.uss,modern,78397440.0,bytes,3713534-chunk-1
virus-skipgram,system.memory.used,modern,8789958656.0,bytes,3713534-chunk-1
virus-skipgram,system.memory.available,modern,41725255680.0,bytes,3713534-chunk-1
virus-skipgram,system.memory.utilization,modern,17.4,percent,3713534-chunk-1
virus-skipgram,system.swap.used,modern,0.0,bytes,3713534-chunk-1
virus-skipgram,system.swap.utilization,modern,0.0,percent,3713534-chunk-1
virus-skipgram,process.cpu.utilization,modern,0.0,percent,3713534-chunk-1
virus-skipgram,process.cpu.time.user,modern,0.96,seconds,3713534-chunk-1
virus-skipgram,process.cpu.time.system,modern,0.2,seconds,3713534-chunk-1
virus-skipgram,process.context_switches.voluntary,modern,8.0,count,3713534-chunk-1
virus-skipgram,process.context_switches.involuntary,modern,15.0,count,3713534-chunk-1
virus-skipgram,system.cpu.utilization,modern,16.7,percent,3713534-chunk-1
virus-skipgram,system.load_average.1m,modern,2.55078125,load,3713534-chunk-1
virus-skipgram,system.load_average.5m,modern,2.5068359375,load,3713534-chunk-1
virus-skipgram,system.load_average.15m,modern,2.3076171875,load,3713534-chunk-1
virus-skipgram,process.memory.rss,modern,90136576.0,bytes,3713534-chunk-1
virus-skipgram,process.memory.vms,modern,97533952.0,bytes,3713534-chunk-1
virus-skipgram,process.memory.uss,modern,78430208.0,bytes,3713534-chunk-1
virus-skipgram,system.memory.used,modern,8789958656.0,bytes,3713534-chunk-1
virus-skipgram,system.memory.available,modern,41725255680.0,bytes,3713534-chunk-1
virus-skipgram,system.memory.utilization,modern,17.4,percent,3713534-chunk-1
virus-skipgram,system.swap.used,modern,0.0,bytes,3713534-chunk-1
virus-skipgram,system.swap.utilization,modern,0.0,percent,3713534-chunk-1
virus-skipgram,duui.request.duration,modern,6.582500000149594,milliseconds,3713534-chunk-1
virus-skipgram,duui.request.duration.histogram,modern,,milliseconds,3713534-chunk-1
virus-skipgram,duui.request.throughput,modern,122.75065561184707,requests_per_second,3713534-chunk-1
virus-skipgram,duui.request.count,modern,4.0,count,3713534-chunk-1
virus-skipgram,duui.request.duration,modern,6.582500000149594,milliseconds,3713534-chunk-1
virus-skipgram,duui.request.duration.histogram,modern,,milliseconds,3713534-chunk-1
virus-skipgram,duui.request.throughput,modern,88.7272081991058,requests_per_second,3713534-chunk-1
virus-skipgram,duui.request.count,modern,2.0,count,3713534-chunk-1
virus-skipgram,duui.request.duration,modern,6.582500000149594,milliseconds,3713534-chunk-1
virus-skipgram,duui.request.duration.histogram,modern,,milliseconds,3713534-chunk-1
virus-skipgram,duui.request.throughput,modern,1000.0,requests_per_second,3713534-chunk-1
virus-skipgram,duui.request.count,modern,1.0,count,3713534-chunk-1
virus-skipgram,gazetteer_legacy_matches,legacy,0.0,count,3713534-chunk-2
virus-skipgram,gazetteer_legacy_processing_ms,legacy,2.0,milliseconds,3713534-chunk-2
virus-skipgram,process.cpu.utilization,legacy,0.0,percent,3713534-chunk-2
virus-skipgram,process.cpu.time.user,legacy,0.96,seconds,3713534-chunk-2
virus-skipgram,process.cpu.time.system,legacy,0.21,seconds,3713534-chunk-2
virus-skipgram,process.context_switches.voluntary,legacy,8.0,count,3713534-chunk-2
virus-skipgram,process.context_switches.involuntary,legacy,15.0,count,3713534-chunk-2
virus-skipgram,system.cpu.utilization,legacy,44.4,percent,3713534-chunk-2
virus-skipgram,system.load_average.1m,legacy,2.55078125,load,3713534-chunk-2
virus-skipgram,system.load_average.5m,legacy,2.5068359375,load,3713534-chunk-2
virus-skipgram,system.load_average.15m,legacy,2.3076171875,load,3713534-chunk-2
virus-skipgram,process.memory.rss,legacy,90304512.0,bytes,3713534-chunk-2
virus-skipgram,process.memory.vms,legacy,97533952.0,bytes,3713534-chunk-2
virus-skipgram,process.memory.uss,legacy,78598144.0,bytes,3713534-chunk-2
virus-skipgram,system.memory.used,legacy,8789958656.0,bytes,3713534-chunk-2
virus-skipgram,system.memory.available,legacy,41725255680.0,bytes,3713534-chunk-2
virus-skipgram,system.memory.utilization,legacy,17.4,percent,3713534-chunk-2
virus-skipgram,system.swap.used,legacy,0.0,bytes,3713534-chunk-2
virus-skipgram,system.swap.utilization,legacy,0.0,percent,3713534-chunk-2
virus-skipgram,process.cpu.utilization,legacy,229.6,percent,3713534-chunk-2
virus-skipgram,process.cpu.time.user,legacy,0.97,seconds,3713534-chunk-2
virus-skipgram,process.cpu.time.system,legacy,0.21,seconds,3713534-chunk-2
virus-skipgram,process.context_switches.voluntary,legacy,10.0,count,3713534-chunk-2
virus-skipgram,process.context_switches.involuntary,legacy,15.0,count,3713534-chunk-2
virus-skipgram,system.cpu.utilization,legacy,0.0,percent,3713534-chunk-2
virus-skipgram,system.load_average.1m,legacy,2.55078125,load,3713534-chunk-2
virus-skipgram,system.load_average.5m,legacy,2.5068359375,load,3713534-chunk-2
virus-skipgram,system.load_average.15m,legacy,2.3076171875,load,3713534-chunk-2
virus-skipgram,process.memory.rss,legacy,90316800.0,bytes,3713534-chunk-2
virus-skipgram,process.memory.vms,legacy,97533952.0,bytes,3713534-chunk-2
virus-skipgram,process.memory.uss,legacy,78610432.0,bytes,3713534-chunk-2
virus-skipgram,system.memory.used,legacy,8790020096.0,bytes,3713534-chunk-2
virus-skipgram,system.memory.available,legacy,41725194240.0,bytes,3713534-chunk-2
virus-skipgram,system.memory.utilization,legacy,17.4,percent,3713534-chunk-2
virus-skipgram,system.swap.used,legacy,0.0,bytes,3713534-chunk-2
virus-skipgram,system.swap.utilization,legacy,0.0,percent,3713534-chunk-2
virus-skipgram,duui.request.duration,legacy,6.251962000078493,milliseconds,3713534-chunk-2
virus-skipgram,duui.request.duration.histogram,legacy,,milliseconds,3713534-chunk-2
virus-skipgram,duui.request.throughput,legacy,115.07983882527861,requests_per_second,3713534-chunk-2
virus-skipgram,duui.request.count,legacy,5.0,count,3713534-chunk-2
virus-skipgram,duui.request.duration,legacy,6.251962000078493,milliseconds,3713534-chunk-2
virus-skipgram,duui.request.duration.histogram,legacy,,milliseconds,3713534-chunk-2
virus-skipgram,duui.request.throughput,legacy,68.4620817172383,requests_per_second,3713534-chunk-2
virus-skipgram,duui.request.count,legacy,3.0,count,3713534-chunk-2
virus-skipgram,duui.request.duration,legacy,6.251962000078493,milliseconds,3713534-chunk-2
virus-skipgram,duui.request.duration.histogram,legacy,,milliseconds,3713534-chunk-2
virus-skipgram,duui.request.throughput,legacy,1000.0,requests_per_second,3713534-chunk-2
virus-skipgram,duui.request.count,legacy,1.0,count,3713534-chunk-2
virus-skipgram,gazetteer_matches,modern,0.0,count,3713534-chunk-2
virus-skipgram,gazetteer_processing_ms,modern,2.0,milliseconds,3713534-chunk-2
virus-skipgram,process.cpu.utilization,modern,0.0,percent,3713534-chunk-2
virus-skipgram,process.cpu.time.user,modern,0.97,seconds,3713534-chunk-2
virus-skipgram,process.cpu.time.system,modern,0.21,seconds,3713534-chunk-2
virus-skipgram,process.context_switches.voluntary,modern,10.0,count,3713534-chunk-2
virus-skipgram,process.context_switches.involuntary,modern,16.0,count,3713534-chunk-2
virus-skipgram,system.cpu.utilization,modern,33.3,percent,3713534-chunk-2
virus-skipgram,system.load_average.1m,modern,2.55078125,load,3713534-chunk-2
virus-skipgram,system.load_average.5m,modern,2.5068359375,load,3713534-chunk-2
virus-skipgram,system.load_average.15m,modern,2.3076171875,load,3713534-chunk-2
virus-skipgram,process.memory.rss,modern,90472448.0,bytes,3713534-chunk-2
virus-skipgram,process.memory.vms,modern,98582528.0,bytes,3713534-chunk-2
virus-skipgram,process.memory.uss,modern,78766080.0,bytes,3713534-chunk-2
virus-skipgram,system.memory.used,modern,8789356544.0,bytes,3713534-chunk-2
virus-skipgram,system.memory.available,modern,41725857792.0,bytes,3713534-chunk-2
virus-skipgram,system.memory.utilization,modern,17.4,percent,3713534-chunk-2
virus-skipgram,system.swap.used,modern,0.0,bytes,3713534-chunk-2
virus-skipgram,system.swap.utilization,modern,0.0,percent,3713534-chunk-2
virus-skipgram,process.cpu.utilization,modern,0.0,percent,3713534-chunk-2
virus-skipgram,process.cpu.time.user,modern,0.97,seconds,3713534-chunk-2
virus-skipgram,process.cpu.time.system,modern,0.21,seconds,3713534-chunk-2
virus-skipgram,process.context_switches.voluntary,modern,12.0,count,3713534-chunk-2
virus-skipgram,process.context_switches.involuntary,modern,16.0,count,3713534-chunk-2
virus-skipgram,system.cpu.utilization,modern,20.0,percent,3713534-chunk-2
virus-skipgram,system.load_average.1m,modern,2.55078125,load,3713534-chunk-2
virus-skipgram,system.load_average.5m,modern,2.5068359375,load,3713534-chunk-2
virus-skipgram,system.load_average.15m,modern,2.3076171875,load,3713534-chunk-2
virus-skipgram,process.memory.rss,modern,90501120.0,bytes,3713534-chunk-2
virus-skipgram,process.memory.vms,modern,98582528.0,bytes,3713534-chunk-2
virus-skipgram,process.memory.uss,modern,78794752.0,bytes,3713534-chunk-2
virus-skipgram,system.memory.used,modern,8789356544.0,bytes,3713534-chunk-2
virus-skipgram,system.memory.available,modern,41725857792.0,bytes,3713534-chunk-2
virus-skipgram,system.memory.utilization,modern,17.4,percent,3713534-chunk-2
virus-skipgram,system.swap.used,modern,0.0,bytes,3713534-chunk-2
virus-skipgram,system.swap.utilization,modern,0.0,percent,3713534-chunk-2
virus-skipgram,duui.request.duration,modern,6.425900000067486,milliseconds,3713534-chunk-2
virus-skipgram,duui.request.duration.histogram,modern,,milliseconds,3713534-chunk-2
virus-skipgram,duui.request.throughput,modern,110.4428480261239,requests_per_second,3713534-chunk-2
virus-skipgram,duui.request.count,modern,6.0,count,3713534-chunk-2
virus-skipgram,duui.request.duration,modern,6.425900000067486,milliseconds,3713534-chunk-2
virus-skipgram,duui.request.duration.histogram,modern,,milliseconds,3713534-chunk-2
virus-skipgram,duui.request.throughput,modern,67.84789090900814,requests_per_second,3713534-chunk-2
virus-skipgram,duui.request.count,modern,3.0,count,3713534-chunk-2
virus-skipgram,duui.request.duration,modern,6.425900000067486,milliseconds,3713534-chunk-2
virus-skipgram,duui.request.duration.histogram,modern,,milliseconds,3713534-chunk-2
virus-skipgram,duui.request.throughput,modern,1000.0,requests_per_second,3713534-chunk-2
virus-skipgram,duui.request.count,modern,1.0,count,3713534-chunk-2
virus-skipgram,gazetteer_legacy_matches,legacy,0.0,count,3718079-chunk-1
virus-skipgram,gazetteer_legacy_processing_ms,legacy,2.0,milliseconds,3718079-chunk-1
virus-skipgram,process.cpu.utilization,legacy,0.0,percent,3718079-chunk-1
virus-skipgram,process.cpu.time.user,legacy,0.98,seconds,3718079-chunk-1
virus-skipgram,process.cpu.time.system,legacy,0.21,seconds,3718079-chunk-1
virus-skipgram,process.context_switches.voluntary,legacy,12.0,count,3718079-chunk-1
virus-skipgram,process.context_switches.involuntary,legacy,16.0,count,3718079-chunk-1
virus-skipgram,system.cpu.utilization,legacy,42.9,percent,3718079-chunk-1
virus-skipgram,system.load_average.1m,legacy,2.55078125,load,3718079-chunk-1
virus-skipgram,system.load_average.5m,legacy,2.5068359375,load,3718079-chunk-1
virus-skipgram,system.load_average.15m,legacy,2.3076171875,load,3718079-chunk-1
virus-skipgram,process.memory.rss,legacy,90660864.0,bytes,3718079-chunk-1
virus-skipgram,process.memory.vms,legacy,98582528.0,bytes,3718079-chunk-1
virus-skipgram,process.memory.uss,legacy,78954496.0,bytes,3718079-chunk-1
virus-skipgram,system.memory.used,legacy,8789356544.0,bytes,3718079-chunk-1
virus-skipgram,system.memory.available,legacy,41725857792.0,bytes,3718079-chunk-1
virus-skipgram,system.memory.utilization,legacy,17.4,percent,3718079-chunk-1
virus-skipgram,system.swap.used,legacy,0.0,bytes,3718079-chunk-1
virus-skipgram,system.swap.utilization,legacy,0.0,percent,3718079-chunk-1
virus-skipgram,process.cpu.utilization,legacy,0.0,percent,3718079-chunk-1
virus-skipgram,process.cpu.time.user,legacy,0.98,seconds,3718079-chunk-1
virus-skipgram,process.cpu.time.system,legacy,0.21,seconds,3718079-chunk-1
virus-skipgram,process.context_switches.voluntary,legacy,14.0,count,3718079-chunk-1
virus-skipgram,process.context_switches.involuntary,legacy,16.0,count,3718079-chunk-1
virus-skipgram,system.cpu.utilization,legacy,0.0,percent,3718079-chunk-1
virus-skipgram,system.load_average.1m,legacy,2.55078125,load,3718079-chunk-1
virus-skipgram,system.load_average.5m,legacy,2.5068359375,load,3718079-chunk-1
virus-skipgram,system.load_average.15m,legacy,2.3076171875,load,3718079-chunk-1
virus-skipgram,process.memory.rss,legacy,90689536.0,bytes,3718079-chunk-1
virus-skipgram,process.memory.vms,legacy,98582528.0,bytes,3718079-chunk-1
virus-skipgram,process.memory.uss,legacy,78983168.0,bytes,3718079-chunk-1
virus-skipgram,system.memory.used,legacy,8789356544.0,bytes,3718079-chunk-1
virus-skipgram,system.memory.available,legacy,41725857792.0,bytes,3718079-chunk-1
virus-skipgram,system.memory.utilization,legacy,17.4,percent,3718079-chunk-1
virus-skipgram,system.swap.used,legacy,0.0,bytes,3718079-chunk-1
virus-skipgram,system.swap.utilization,legacy,0.0,percent,3718079-chunk-1
virus-skipgram,duui.request.duration,legacy,6.013236999933724,milliseconds,3718079-chunk-1
virus-skipgram,duui.request.duration.histogram,legacy,,milliseconds,3718079-chunk-1
virus-skipgram,duui.request.throughput,legacy,108.14721146781619,requests_per_second,3718079-chunk-1
virus-skipgram,duui.request.count,legacy,7.0,count,3718079-chunk-1
virus-skipgram,duui.request.duration,legacy,6.013236999933724,milliseconds,3718079-chunk-1
virus-skipgram,duui.request.duration.histogram,legacy,,milliseconds,3718079-chunk-1
virus-skipgram,duui.request.throughput,legacy,61.411743601900625,requests_per_second,3718079-chunk-1
virus-skipgram,duui.request.count,legacy,4.0,count,3718079-chunk-1
virus-skipgram,duui.request.duration,legacy,6.013236999933724,milliseconds,3718079-chunk-1
virus-skipgram,duui.request.duration.histogram,legacy,,milliseconds,3718079-chunk-1
virus-skipgram,duui.request.throughput,legacy,1000.0,requests_per_second,3718079-chunk-1
virus-skipgram,duui.request.count,legacy,1.0,count,3718079-chunk-1
virus-skipgram,gazetteer_matches,modern,0.0,count,3718079-chunk-1
virus-skipgram,gazetteer_processing_ms,modern,3.0,milliseconds,3718079-chunk-1
virus-skipgram,process.cpu.utilization,modern,0.0,percent,3718079-chunk-1
virus-skipgram,process.cpu.time.user,modern,0.98,seconds,3718079-chunk-1
virus-skipgram,process.cpu.time.system,modern,0.22,seconds,3718079-chunk-1
virus-skipgram,process.context_switches.voluntary,modern,14.0,count,3718079-chunk-1
virus-skipgram,process.context_switches.involuntary,modern,16.0,count,3718079-chunk-1
virus-skipgram,system.cpu.utilization,modern,42.9,percent,3718079-chunk-1
virus-skipgram,system.load_average.1m,modern,2.55078125,load,3718079-chunk-1
virus-skipgram,system.load_average.5m,modern,2.5068359375,load,3718079-chunk-1
virus-skipgram,system.load_average.15m,modern,2.3076171875,load,3718079-chunk-1
virus-skipgram,process.memory.rss,modern,90849280.0,bytes,3718079-chunk-1
virus-skipgram,process.memory.vms,modern,98582528.0,bytes,3718079-chunk-1
virus-skipgram,process.memory.uss,modern,79142912.0,bytes,3718079-chunk-1
virus-skipgram,system.memory.used,modern,8789815296.0,bytes,3718079-chunk-1
virus-skipgram,system.memory.available,modern,41725399040.0,bytes,3718079-chunk-1
virus-skipgram,system.memory.utilization,modern,17.4,percent,3718079-chunk-1
virus-skipgram,system.swap.used,modern,0.0,bytes,3718079-chunk-1
virus-skipgram,system.swap.utilization,modern,0.0,percent,3718079-chunk-1
virus-skipgram,process.cpu.utilization,modern,0.0,percent,3718079-chunk-1
virus-skipgram,process.cpu.time.user,modern,0.98,seconds,3718079-chunk-1
virus-skipgram,process.cpu.time.system,modern,0.22,seconds,3718079-chunk-1
virus-skipgram,process.context_switches.voluntary,modern,16.0,count,3718079-chunk-1
virus-skipgram,process.context_switches.involuntary,modern,16.0,count,3718079-chunk-1
virus-skipgram,system.cpu.utilization,modern,37.5,percent,3718079-chunk-1
virus-skipgram,system.load_average.1m,modern,2.55078125,load,3718079-chunk-1
virus-skipgram,system.load_average.5m,modern,2.5068359375,load,3718079-chunk-1
virus-skipgram,system.load_average.15m,modern,2.3076171875,load,3718079-chunk-1
virus-skipgram,process.memory.rss,modern,90861568.0,bytes,3718079-chunk-1
virus-skipgram,process.memory.vms,modern,98582528.0,bytes,3718079-chunk-1
virus-skipgram,process.memory.uss,modern,79155200.0,bytes,3718079-chunk-1
virus-skipgram,system.memory.used,modern,8789815296.0,bytes,3718079-chunk-1
virus-skipgram,system.memory.available,modern,41725399040.0,bytes,3718079-chunk-1
virus-skipgram,system.memory.utilization,modern,17.4,percent,3718079-chunk-1
virus-skipgram,system.swap.used,modern,0.0,bytes,3718079-chunk-1
virus-skipgram,system.swap.utilization,modern,0.0,percent,3718079-chunk-1
virus-skipgram,duui.request.duration,modern,8.446916000139026,milliseconds,3718079-chunk-1
virus-skipgram,duui.request.duration.histogram,modern,,milliseconds,3718079-chunk-1
virus-skipgram,duui.request.throughput,modern,102.51291444870955,requests_per_second,3718079-chunk-1
virus-skipgram,duui.request.count,modern,8.0,count,3718079-chunk-1
virus-skipgram,duui.request.duration,modern,8.446916000139026,milliseconds,3718079-chunk-1
virus-skipgram,duui.request.duration.histogram,modern,,milliseconds,3718079-chunk-1
virus-skipgram,duui.request.throughput,modern,58.73271050361076,requests_per_second,3718079-chunk-1
virus-skipgram,duui.request.count,modern,4.0,count,3718079-chunk-1
virus-skipgram,duui.request.duration,modern,8.446916000139026,milliseconds,3718079-chunk-1
virus-skipgram,duui.request.duration.histogram,modern,,milliseconds,3718079-chunk-1
virus-skipgram,duui.request.throughput,modern,983.6139747790553,requests_per_second,3718079-chunk-1
virus-skipgram,duui.request.count,modern,1.0,count,3718079-chunk-1
virus-skipgram,gazetteer_legacy_matches,legacy,0.0,count,3718079-chunk-2
virus-skipgram,gazetteer_legacy_processing_ms,legacy,3.0,milliseconds,3718079-chunk-2
virus-skipgram,process.cpu.utilization,legacy,0.0,percent,3718079-chunk-2
virus-skipgram,process.cpu.time.user,legacy,0.99,seconds,3718079-chunk-2
virus-skipgram,process.cpu.time.system,legacy,0.22,seconds,3718079-chunk-2
virus-skipgram,process.context_switches.voluntary,legacy,16.0,count,3718079-chunk-2
virus-skipgram,process.context_switches.involuntary,legacy,16.0,count,3718079-chunk-2
virus-skipgram,system.cpu.utilization,legacy,40.0,percent,3718079-chunk-2
virus-skipgram,system.load_average.1m,legacy,2.55078125,load,3718079-chunk-2
virus-skipgram,system.load_average.5m,legacy,2.5068359375,load,3718079-chunk-2
virus-skipgram,system.load_average.15m,legacy,2.3076171875,load,3718079-chunk-2
virus-skipgram,process.memory.rss,legacy,91025408.0,bytes,3718079-chunk-2
virus-skipgram,process.memory.vms,legacy,98582528.0,bytes,3718079-chunk-2
virus-skipgram,process.memory.uss,legacy,79319040.0,bytes,3718079-chunk-2
virus-skipgram,system.memory.used,legacy,8789815296.0,bytes,3718079-chunk-2
virus-skipgram,system.memory.available,legacy,41725399040.0,bytes,3718079-chunk-2
virus-skipgram,system.memory.utilization,legacy,17.4,percent,3718079-chunk-2
virus-skipgram,system.swap.used,legacy,0.0,bytes,3718079-chunk-2
virus-skipgram,system.swap.utilization,legacy,0.0,percent,3718079-chunk-2
virus-skipgram,process.cpu.utilization,legacy,180.5,percent,3718079-chunk-2
virus-skipgram,process.cpu.time.user,legacy,0.99,seconds,3718079-chunk-2
virus-skipgram,process.cpu.time.system,legacy,0.23,seconds,3718079-chunk-2
virus-skipgram,process.context_switches.voluntary,legacy,18.0,count,3718079-chunk-2
virus-skipgram,process.context_switches.involuntary,legacy,17.0,count,3718079-chunk-2
virus-skipgram,system.cpu.utilization,legacy,44.4,percent,3718079-chunk-2
virus-skipgram,system.load_average.1m,legacy,2.55078125,load,3718079-chunk-2
virus-skipgram,system.load_average.5m,legacy,2.5068359375,load,3718079-chunk-2
virus-skipgram,system.load_average.15m,legacy,2.3076171875,load,3718079-chunk-2
virus-skipgram,process.memory.rss,legacy,91037696.0,bytes,3718079-chunk-2
virus-skipgram,process.memory.vms,legacy,98582528.0,bytes,3718079-chunk-2
virus-skipgram,process.memory.uss,legacy,79331328.0,bytes,3718079-chunk-2
virus-skipgram,system.memory.used,legacy,8789815296.0,bytes,3718079-chunk-2
virus-skipgram,system.memory.available,legacy,41725399040.0,bytes,3718079-chunk-2
virus-skipgram,system.memory.utilization,legacy,17.4,percent,3718079-chunk-2
virus-skipgram,system.swap.used,legacy,0.0,bytes,3718079-chunk-2
virus-skipgram,system.swap.utilization,legacy,0.0,percent,3718079-chunk-2
virus-skipgram,duui.request.duration,legacy,8.388366999952268,milliseconds,3718079-chunk-2
virus-skipgram,duui.request.duration.histogram,legacy,,milliseconds,3718079-chunk-2
virus-skipgram,duui.request.throughput,legacy,98.49927274178974,requests_per_second,3718079-chunk-2
virus-skipgram,duui.request.count,legacy,9.0,count,3718079-chunk-2
virus-skipgram,duui.request.duration,legacy,8.388366999952268,milliseconds,3718079-chunk-2
virus-skipgram,duui.request.duration.histogram,legacy,,milliseconds,3718079-chunk-2
virus-skipgram,duui.request.throughput,legacy,54.5267764477969,requests_per_second,3718079-chunk-2
virus-skipgram,duui.request.count,legacy,5.0,count,3718079-chunk-2
virus-skipgram,duui.request.duration,legacy,8.388366999952268,milliseconds,3718079-chunk-2
virus-skipgram,duui.request.duration.histogram,legacy,,milliseconds,3718079-chunk-2
virus-skipgram,duui.request.throughput,legacy,1000.0,requests_per_second,3718079-chunk-2
virus-skipgram,duui.request.count,legacy,1.0,count,3718079-chunk-2
virus-skipgram,gazetteer_matches,modern,0.0,count,3718079-chunk-2
virus-skipgram,gazetteer_processing_ms,modern,2.0,milliseconds,3718079-chunk-2
virus-skipgram,process.cpu.utilization,modern,0.0,percent,3718079-chunk-2
virus-skipgram,process.cpu.time.user,modern,0.99,seconds,3718079-chunk-2
virus-skipgram,process.cpu.time.system,modern,0.23,seconds,3718079-chunk-2
virus-skipgram,process.context_switches.voluntary,modern,18.0,count,3718079-chunk-2
virus-skipgram,process.context_switches.involuntary,modern,17.0,count,3718079-chunk-2
virus-skipgram,system.cpu.utilization,modern,44.4,percent,3718079-chunk-2
virus-skipgram,system.load_average.1m,modern,2.55078125,load,3718079-chunk-2
virus-skipgram,system.load_average.5m,modern,2.5068359375,load,3718079-chunk-2
virus-skipgram,system.load_average.15m,modern,2.3076171875,load,3718079-chunk-2
virus-skipgram,process.memory.rss,modern,91209728.0,bytes,3718079-chunk-2
virus-skipgram,process.memory.vms,modern,98582528.0,bytes,3718079-chunk-2
virus-skipgram,process.memory.uss,modern,79503360.0,bytes,3718079-chunk-2
virus-skipgram,system.memory.used,modern,8789815296.0,bytes,3718079-chunk-2
virus-skipgram,system.memory.available,modern,41725399040.0,bytes,3718079-chunk-2
virus-skipgram,system.memory.utilization,modern,17.4,percent,3718079-chunk-2
virus-skipgram,system.swap.used,modern,0.0,bytes,3718079-chunk-2
virus-skipgram,system.swap.utilization,modern,0.0,percent,3718079-chunk-2
virus-skipgram,process.cpu.utilization,modern,184.5,percent,3718079-chunk-2
virus-skipgram,process.cpu.time.user,modern,0.99,seconds,3718079-chunk-2
virus-skipgram,process.cpu.time.system,modern,0.24,seconds,3718079-chunk-2
virus-skipgram,process.context_switches.voluntary,modern,20.0,count,3718079-chunk-2
virus-skipgram,process.context_switches.involuntary,modern,17.0,count,3718079-chunk-2
virus-skipgram,system.cpu.utilization,modern,33.3,percent,3718079-chunk-2
virus-skipgram,system.load_average.1m,modern,2.55078125,load,3718079-chunk-2
virus-skipgram,system.load_average.5m,modern,2.5068359375,load,3718079-chunk-2
virus-skipgram,system.load_average.15m,modern,2.3076171875,load,3718079-chunk-2
virus-skipgram,process.memory.rss,modern,91234304.0,bytes,3718079-chunk-2
virus-skipgram,process.memory.vms,modern,98582528.0,bytes,3718079-chunk-2
virus-skipgram,process.memory.uss,modern,79527936.0,bytes,3718079-chunk-2
virus-skipgram,system.memory.used,modern,8790274048.0,bytes,3718079-chunk-2
virus-skipgram,system.memory.available,modern,41724940288.0,bytes,3718079-chunk-2
virus-skipgram,system.memory.utilization,modern,17.4,percent,3718079-chunk-2
virus-skipgram,system.swap.used,modern,0.0,bytes,3718079-chunk-2
virus-skipgram,system.swap.utilization,modern,0.0,percent,3718079-chunk-2
virus-skipgram,duui.request.duration,modern,8.612824000010733,milliseconds,3718079-chunk-2
virus-skipgram,duui.request.duration.histogram,modern,,milliseconds,3718079-chunk-2
virus-skipgram,duui.request.throughput,modern,93.99196321735889,requests_per_second,3718079-chunk-2
virus-skipgram,duui.request.count,modern,10.0,count,3718079-chunk-2
virus-skipgram,duui.request.duration,modern,8.612824000010733,milliseconds,3718079-chunk-2
virus-skipgram,duui.request.duration.histogram,modern,,milliseconds,3718079-chunk-2
virus-skipgram,duui.request.throughput,modern,51.96439711316296,requests_per_second,3718079-chunk-2
virus-skipgram,duui.request.count,modern,5.0,count,3718079-chunk-2
virus-skipgram,duui.request.duration,modern,8.612824000010733,milliseconds,3718079-chunk-2
virus-skipgram,duui.request.duration.histogram,modern,,milliseconds,3718079-chunk-2
virus-skipgram,duui.request.throughput,modern,1000.0,requests_per_second,3718079-chunk-2
virus-skipgram,duui.request.count,modern,1.0,count,3718079-chunk-2
virus-skipgram,gazetteer_legacy_matches,legacy,0.0,count,3720448-chunk-1
virus-skipgram,gazetteer_legacy_processing_ms,legacy,3.0,milliseconds,3720448-chunk-1
virus-skipgram,process.cpu.utilization,legacy,0.0,percent,3720448-chunk-1
virus-skipgram,process.cpu.time.user,legacy,0.99,seconds,3720448-chunk-1
virus-skipgram,process.cpu.time.system,legacy,0.24,seconds,3720448-chunk-1
virus-skipgram,process.context_switches.voluntary,legacy,20.0,count,3720448-chunk-1
virus-skipgram,process.context_switches.involuntary,legacy,18.0,count,3720448-chunk-1
virus-skipgram,system.cpu.utilization,legacy,22.2,percent,3720448-chunk-1
virus-skipgram,system.load_average.1m,legacy,2.55078125,load,3720448-chunk-1
virus-skipgram,system.load_average.5m,legacy,2.5068359375,load,3720448-chunk-1
virus-skipgram,system.load_average.15m,legacy,2.3076171875,load,3720448-chunk-1
virus-skipgram,process.memory.rss,legacy,91385856.0,bytes,3720448-chunk-1
virus-skipgram,process.memory.vms,legacy,99631104.0,bytes,3720448-chunk-1
virus-skipgram,process.memory.uss,legacy,79683584.0,bytes,3720448-chunk-1
virus-skipgram,system.memory.used,legacy,8790274048.0,bytes,3720448-chunk-1
virus-skipgram,system.memory.available,legacy,41724940288.0,bytes,3720448-chunk-1
virus-skipgram,system.memory.utilization,legacy,17.4,percent,3720448-chunk-1
virus-skipgram,system.swap.used,legacy,0.0,bytes,3720448-chunk-1
virus-skipgram,system.swap.utilization,legacy,0.0,percent,3720448-chunk-1
virus-skipgram,process.cpu.utilization,legacy,177.7,percent,3720448-chunk-1
virus-skipgram,process.cpu.time.user,legacy,0.99,seconds,3720448-chunk-1
virus-skipgram,process.cpu.time.system,legacy,0.25,seconds,3720448-chunk-1
virus-skipgram,process.context_switches.voluntary,legacy,22.0,count,3720448-chunk-1
virus-skipgram,process.context_switches.involuntary,legacy,18.0,count,3720448-chunk-1
virus-skipgram,system.cpu.utilization,legacy,44.4,percent,3720448-chunk-1
virus-skipgram,system.load_average.1m,legacy,2.55078125,load,3720448-chunk-1
virus-skipgram,system.load_average.5m,legacy,2.5068359375,load,3720448-chunk-1
virus-skipgram,system.load_average.15m,legacy,2.3076171875,load,3720448-chunk-1
virus-skipgram,process.memory.rss,legacy,91410432.0,bytes,3720448-chunk-1
virus-skipgram,process.memory.vms,legacy,99631104.0,bytes,3720448-chunk-1
virus-skipgram,process.memory.uss,legacy,79704064.0,bytes,3720448-chunk-1
virus-skipgram,system.memory.used,legacy,8790274048.0,bytes,3720448-chunk-1
virus-skipgram,system.memory.available,legacy,41724940288.0,bytes,3720448-chunk-1
virus-skipgram,system.memory.utilization,legacy,17.4,percent,3720448-chunk-1
virus-skipgram,system.swap.used,legacy,0.0,bytes,3720448-chunk-1
virus-skipgram,system.swap.utilization,legacy,0.0,percent,3720448-chunk-1
virus-skipgram,duui.request.duration,legacy,8.419726000283845,milliseconds,3720448-chunk-1
virus-skipgram,duui.request.duration.histogram,legacy,,milliseconds,3720448-chunk-1
virus-skipgram,duui.request.throughput,legacy,92.05212958978655,requests_per_second,3720448-chunk-1
virus-skipgram,duui.request.count,legacy,11.0,count,3720448-chunk-1
virus-skipgram,duui.request.duration,legacy,8.419726000283845,milliseconds,3720448-chunk-1
virus-skipgram,duui.request.duration.histogram,legacy,,milliseconds,3720448-chunk-1
virus-skipgram,duui.request.throughput,legacy,50.00786915496375,requests_per_second,3720448-chunk-1
virus-skipgram,duui.request.count,legacy,6.0,count,3720448-chunk-1
virus-skipgram,duui.request.duration,legacy,8.419726000283845,milliseconds,3720448-chunk-1
virus-skipgram,duui.request.duration.histogram,legacy,,milliseconds,3720448-chunk-1
virus-skipgram,duui.request.throughput,legacy,683.6620494733199,requests_per_second,3720448-chunk-1
virus-skipgram,duui.request.count,legacy,1.0,count,3720448-chunk-1
virus-skipgram,gazetteer_matches,modern,0.0,count,3720448-chunk-1
virus-skipgram,gazetteer_processing_ms,modern,2.0,milliseconds,3720448-chunk-1
virus-skipgram,process.cpu.utilization,modern,0.0,percent,3720448-chunk-1
virus-skipgram,process.cpu.time.user,modern,1.0,seconds,3720448-chunk-1
virus-skipgram,process.cpu.time.system,modern,0.25,seconds,3720448-chunk-1
virus-skipgram,process.context_switches.voluntary,modern,22.0,count,3720448-chunk-1
virus-skipgram,process.context_switches.involuntary,modern,18.0,count,3720448-chunk-1
virus-skipgram,system.cpu.utilization,modern,44.4,percent,3720448-chunk-1
virus-skipgram,system.load_average.1m,modern,2.55078125,load,3720448-chunk-1
virus-skipgram,system.load_average.5m,modern,2.5068359375,load,3720448-chunk-1
virus-skipgram,system.load_average.15m,modern,2.3076171875,load,3720448-chunk-1
virus-skipgram,process.memory.rss,modern,91566080.0,bytes,3720448-chunk-1
virus-skipgram,process.memory.vms,modern,99631104.0,bytes,3720448-chunk-1
virus-skipgram,process.memory.uss,modern,79863808.0,bytes,3720448-chunk-1
virus-skipgram,system.memory.used,modern,8790274048.0,bytes,3720448-chunk-1
virus-skipgram,system.memory.available,modern,41724940288.0,bytes,3720448-chunk-1
virus-skipgram,system.memory.utilization,modern,17.4,percent,3720448-chunk-1
virus-skipgram,system.swap.used,modern,0.0,bytes,3720448-chunk-1
virus-skipgram,system.swap.utilization,modern,0.0,percent,3720448-chunk-1
virus-skipgram,process.cpu.utilization,modern,0.0,percent,3720448-chunk-1
virus-skipgram,process.cpu.time.user,modern,1.0,seconds,3720448-chunk-1
virus-skipgram,process.cpu.time.system,modern,0.25,seconds,3720448-chunk-1
virus-skipgram,process.context_switches.voluntary,modern,24.0,count,3720448-chunk-1
virus-skipgram,process.context_switches.involuntary,modern,18.0,count,3720448-chunk-1
virus-skipgram,system.cpu.utilization,modern,16.7,percent,3720448-chunk-1
virus-skipgram,system.load_average.1m,modern,2.55078125,load,3720448-chunk-1
virus-skipgram,system.load_average.5m,modern,2.5068359375,load,3720448-chunk-1
virus-skipgram,system.load_average.15m,modern,2.3076171875,load,3720448-chunk-1
virus-skipgram,process.memory.rss,modern,91590656.0,bytes,3720448-chunk-1
virus-skipgram,process.memory.vms,modern,99631104.0,bytes,3720448-chunk-1
virus-skipgram,process.memory.uss,modern,79884288.0,bytes,3720448-chunk-1
virus-skipgram,system.memory.used,modern,8790274048.0,bytes,3720448-chunk-1
virus-skipgram,system.memory.available,modern,41724940288.0,bytes,3720448-chunk-1
virus-skipgram,system.memory.utilization,modern,17.4,percent,3720448-chunk-1
virus-skipgram,system.swap.used,modern,0.0,bytes,3720448-chunk-1
virus-skipgram,system.swap.utilization,modern,0.0,percent,3720448-chunk-1
virus-skipgram,duui.request.duration,modern,7.618212000124913,milliseconds,3720448-chunk-1
virus-skipgram,duui.request.duration.histogram,modern,,milliseconds,3720448-chunk-1
virus-skipgram,duui.request.throughput,modern,90.63131690845034,requests_per_second,3720448-chunk-1
virus-skipgram,duui.request.count,modern,12.0,count,3720448-chunk-1
virus-skipgram,duui.request.duration,modern,7.618212000124913,milliseconds,3720448-chunk-1
virus-skipgram,duui.request.duration.histogram,modern,,milliseconds,3720448-chunk-1
virus-skipgram,duui.request.throughput,modern,49.040860886153,requests_per_second,3720448-chunk-1
virus-skipgram,duui.request.count,modern,6.0,count,3720448-chunk-1
virus-skipgram,duui.request.duration,modern,7.618212000124913,milliseconds,3720448-chunk-1
virus-skipgram,duui.request.duration.histogram,modern,,milliseconds,3720448-chunk-1
virus-skipgram,duui.request.throughput,modern,1000.0,requests_per_second,3720448-chunk-1
virus-skipgram,duui.request.count,modern,1.0,count,3720448-chunk-1
virus-skipgram,gazetteer_legacy_matches,legacy,0.0,count,3720448-chunk-2
virus-skipgram,gazetteer_legacy_processing_ms,legacy,2.0,milliseconds,3720448-chunk-2
virus-skipgram,process.cpu.utilization,legacy,0.0,percent,3720448-chunk-2
virus-skipgram,process.cpu.time.user,legacy,1.0,seconds,3720448-chunk-2
virus-skipgram,process.cpu.time.system,legacy,0.25,seconds,3720448-chunk-2
virus-skipgram,process.context_switches.voluntary,legacy,24.0,count,3720448-chunk-2
virus-skipgram,process.context_switches.involuntary,legacy,18.0,count,3720448-chunk-2
virus-skipgram,system.cpu.utilization,legacy,44.4,percent,3720448-chunk-2
virus-skipgram,system.load_average.1m,legacy,2.55078125,load,3720448-chunk-2
virus-skipgram,system.load_average.5m,legacy,2.5068359375,load,3720448-chunk-2
virus-skipgram,system.load_average.15m,legacy,2.3076171875,load,3720448-chunk-2
virus-skipgram,process.memory.rss,legacy,91762688.0,bytes,3720448-chunk-2
virus-skipgram,process.memory.vms,legacy,99631104.0,bytes,3720448-chunk-2
virus-skipgram,process.memory.uss,legacy,80056320.0,bytes,3720448-chunk-2
virus-skipgram,system.memory.used,legacy,8790274048.0,bytes,3720448-chunk-2
virus-skipgram,system.memory.available,legacy,41724940288.0,bytes,3720448-chunk-2
virus-skipgram,system.memory.utilization,legacy,17.4,percent,3720448-chunk-2
virus-skipgram,system.swap.used,legacy,0.0,bytes,3720448-chunk-2
virus-skipgram,system.swap.utilization,legacy,0.0,percent,3720448-chunk-2
virus-skipgram,process.cpu.utilization,legacy,0.0,percent,3720448-chunk-2
virus-skipgram,process.cpu.time.user,legacy,1.0,seconds,3720448-chunk-2
virus-skipgram,process.cpu.time.system,legacy,0.25,seconds,3720448-chunk-2
virus-skipgram,process.context_switches.voluntary,legacy,26.0,count,3720448-chunk-2
virus-skipgram,process.context_switches.involuntary,legacy,18.0,count,3720448-chunk-2
virus-skipgram,system.cpu.utilization,legacy,0.0,percent,3720448-chunk-2
virus-skipgram,system.load_average.1m,legacy,2.55078125,load,3720448-chunk-2
virus-skipgram,system.load_average.5m,legacy,2.5068359375,load,3720448-chunk-2
virus-skipgram,system.load_average.15m,legacy,2.3076171875,load,3720448-chunk-2
virus-skipgram,process.memory.rss,legacy,91770880.0,bytes,3720448-chunk-2
virus-skipgram,process.memory.vms,legacy,99631104.0,bytes,3720448-chunk-2
virus-skipgram,process.memory.uss,legacy,80064512.0,bytes,3720448-chunk-2
virus-skipgram,system.memory.used,legacy,8790622208.0,bytes,3720448-chunk-2
virus-skipgram,system.memory.available,legacy,41724592128.0,bytes,3720448-chunk-2
virus-skipgram,system.memory.utilization,legacy,17.4,percent,3720448-chunk-2
virus-skipgram,system.swap.used,legacy,0.0,bytes,3720448-chunk-2
virus-skipgram,system.swap.utilization,legacy,0.0,percent,3720448-chunk-2
virus-skipgram,duui.request.duration,legacy,6.423553999866272,milliseconds,3720448-chunk-2
virus-skipgram,duui.request.duration.histogram,legacy,,milliseconds,3720448-chunk-2
virus-skipgram,duui.request.throughput,legacy,90.56088620169194,requests_per_second,3720448-chunk-2
virus-skipgram,duui.request.count,legacy,13.0,count,3720448-chunk-2
virus-skipgram,duui.request.duration,legacy,6.423553999866272,milliseconds,3720448-chunk-2
virus-skipgram,duui.request.duration.histogram,legacy,,milliseconds,3720448-chunk-2
virus-skipgram,duui.request.throughput,legacy,48.648672954181244,requests_per_second,3720448-chunk-2
virus-skipgram,duui.request.count,legacy,7.0,count,3720448-chunk-2
virus-skipgram,duui.request.duration,legacy,6.423553999866272,milliseconds,3720448-chunk-2
virus-skipgram,duui.request.duration.histogram,legacy,,milliseconds,3720448-chunk-2
virus-skipgram,duui.request.throughput,legacy,1000.0,requests_per_second,3720448-chunk-2
virus-skipgram,duui.request.count,legacy,1.0,count,3720448-chunk-2
virus-skipgram,gazetteer_matches,modern,0.0,count,3720448-chunk-2
virus-skipgram,gazetteer_processing_ms,modern,3.0,milliseconds,3720448-chunk-2
virus-skipgram,process.cpu.utilization,modern,0.0,percent,3720448-chunk-2
virus-skipgram,process.cpu.time.user,modern,1.01,seconds,3720448-chunk-2
virus-skipgram,process.cpu.time.system,modern,0.26,seconds,3720448-chunk-2
virus-skipgram,process.context_switches.voluntary,modern,26.0,count,3720448-chunk-2
virus-skipgram,process.context_switches.involuntary,modern,19.0,count,3720448-chunk-2
virus-skipgram,system.cpu.utilization,modern,44.4,percent,3720448-chunk-2
virus-skipgram,system.load_average.1m,modern,2.55078125,load,3720448-chunk-2
virus-skipgram,system.load_average.5m,modern,2.5068359375,load,3720448-chunk-2
virus-skipgram,system.load_average.15m,modern,2.3076171875,load,3720448-chunk-2
virus-skipgram,process.memory.rss,modern,91938816.0,bytes,3720448-chunk-2
virus-skipgram,process.memory.vms,modern,99631104.0,bytes,3720448-chunk-2
virus-skipgram,process.memory.uss,modern,80232448.0,bytes,3720448-chunk-2
virus-skipgram,system.memory.used,modern,8790622208.0,bytes,3720448-chunk-2
virus-skipgram,system.memory.available,modern,41724592128.0,bytes,3720448-chunk-2
virus-skipgram,system.memory.utilization,modern,17.4,percent,3720448-chunk-2
virus-skipgram,system.swap.used,modern,0.0,bytes,3720448-chunk-2
virus-skipgram,system.swap.utilization,modern,0.0,percent,3720448-chunk-2
virus-skipgram,process.cpu.utilization,modern,0.0,percent,3720448-chunk-2
virus-skipgram,process.cpu.time.user,modern,1.01,seconds,3720448-chunk-2
virus-skipgram,process.cpu.time.system,modern,0.26,seconds,3720448-chunk-2
virus-skipgram,process.context_switches.voluntary,modern,28.0,count,3720448-chunk-2
virus-skipgram,process.context_switches.involuntary,modern,19.0,count,3720448-chunk-2
virus-skipgram,system.cpu.utilization,modern,20.0,percent,3720448-chunk-2
virus-skipgram,system.load_average.1m,modern,2.55078125,load,3720448-chunk-2
virus-skipgram,system.load_average.5m,modern,2.5068359375,load,3720448-chunk-2
virus-skipgram,system.load_average.15m,modern,2.3076171875,load,3720448-chunk-2
virus-skipgram,process.memory.rss,modern,91955200.0,bytes,3720448-chunk-2
virus-skipgram,process.memory.vms,modern,99631104.0,bytes,3720448-chunk-2
virus-skipgram,process.memory.uss,modern,80248832.0,bytes,3720448-chunk-2
virus-skipgram,system.memory.used,modern,8790622208.0,bytes,3720448-chunk-2
virus-skipgram,system.memory.available,modern,41724592128.0,bytes,3720448-chunk-2
virus-skipgram,system.memory.utilization,modern,17.4,percent,3720448-chunk-2
virus-skipgram,system.swap.used,modern,0.0,bytes,3720448-chunk-2
virus-skipgram,system.swap.utilization,modern,0.0,percent,3720448-chunk-2
virus-skipgram,duui.request.duration,modern,7.153173000006063,milliseconds,3720448-chunk-2
virus-skipgram,duui.request.duration.histogram,modern,,milliseconds,3720448-chunk-2
virus-skipgram,duui.request.throughput,modern,90.30750337059906,requests_per_second,3720448-chunk-2
virus-skipgram,duui.request.count,modern,14.0,count,3720448-chunk-2
virus-skipgram,duui.request.duration,modern,7.153173000006063,milliseconds,3720448-chunk-2
virus-skipgram,duui.request.duration.histogram,modern,,milliseconds,3720448-chunk-2
virus-skipgram,duui.request.throughput,modern,48.29506085454975,requests_per_second,3720448-chunk-2
virus-skipgram,duui.request.count,modern,7.0,count,3720448-chunk-2
virus-skipgram,duui.request.duration,modern,7.153173000006063,milliseconds,3720448-chunk-2
virus-skipgram,duui.request.duration.histogram,modern,,milliseconds,3720448-chunk-2
virus-skipgram,duui.request.throughput,modern,1000.0,requests_per_second,3720448-chunk-2
virus-skipgram,duui.request.count,modern,1.0,count,3720448-chunk-2
